anon_ID,exp_dur_minutes,Accuracy,Sex,age,Version,Task_Nr,Task_Name,trial_Nr,Item,Key_Press,Response,rt,stars_amount,Block_Type,Block_Nr,trial_Block,Familiarity,Target
p01,22.72,0,m,7.73,V2_puoAre,2,V2_stemComp,2,22P_stem.ogg,Q,incorrect,7044,152,stemC,5,1,new,present
p01,22.72,1,m,7.73,V2_puoAre,2,V2_stemComp,3,31S_stem.ogg,Q,correct,5546,153,stemC,5,2,new,absent
p01,22.72,1,m,7.73,V2_puoAre,2,V2_stemComp,4,17P_stem.ogg,P,correct,3279,154,stemC,5,3,new,present
p01,22.72,0,m,7.73,V2_puoAre,2,V2_stemComp,5,25S_stem.ogg,P,incorrect,4081,154,stemC,5,4,familiar,absent
p01,22.72,1,m,7.73,V2_puoAre,2,V2_stemComp,6,02S_stem.ogg,Q,correct,2563,155,stemC,5,5,familiar,absent
p01,22.72,1,m,7.73,V2_puoAre,2,V2_stemComp,7,11P_stem.ogg,P,correct,3613,156,stemC,5,6,familiar,present
p01,22.72,1,m,7.73,V2_puoAre,2,V2_stemComp,8,03S_stem.ogg,Q,correct,3359,157,stemC,5,7,new,absent
p01,22.72,1,m,7.73,V2_puoAre,2,V2_stemComp,9,01P_stem.ogg,P,correct,3903,158,stemC,5,8,familiar,present
p01,22.72,1,m,7.73,V2_puoAre,2,V2_stemComp,10,26P_stem.ogg,P,correct,3546,159,stemC,5,9,new,present
p01,22.72,0,m,7.73,V2_puoAre,2,V2_stemComp,11,28P_stem.ogg,Q,incorrect,3341,159,stemC,5,10,new,present
p01,22.72,1,m,7.73,V2_puoAre,2,V2_stemComp,12,04S_stem.ogg,Q,correct,3101,160,stemC,5,11,familiar,absent
p01,22.72,1,m,7.73,V2_puoAre,2,V2_stemComp,13,07P_stem.ogg,P,correct,2998,161,stemC,5,12,familiar,present
p01,22.72,0,m,7.73,V2_puoAre,2,V2_stemComp,14,23P_stem.ogg,Q,incorrect,5293,161,stemC,5,13,familiar,present
p01,22.72,1,m,7.73,V2_puoAre,2,V2_stemComp,15,06S_stem.ogg,Q,correct,3820,162,stemC,5,14,new,absent
p01,22.72,1,m,7.73,V2_puoAre,2,V2_stemComp,16,08S_stem.ogg,Q,correct,3660,163,stemC,5,15,new,absent
p01,22.72,0,m,7.73,V2_puoAre,2,V2_stemComp,17,14S_stem.ogg,P,incorrect,3444,163,stemC,5,16,familiar,absent
p02,15.83,1,f,6.31,V3_staAre,2,V3_stemComp,2,06P_stem.ogg,Q,correct,2048,108,stemC,5,1,new,absent
p02,15.83,1,f,6.31,V3_staAre,2,V3_stemComp,3,03P_stem.ogg,Q,correct,1808,109,stemC,5,2,new,absent
p02,15.83,0,f,6.31,V3_staAre,2,V3_stemComp,4,08S_stem.ogg,Q,incorrect,1829,109,stemC,5,3,new,present
p02,15.83,1,f,6.31,V3_staAre,2,V3_stemComp,5,23S_stem.ogg,P,correct,881,110,stemC,5,4,familiar,present
p02,15.83,0,f,6.31,V3_staAre,2,V3_stemComp,6,11S_stem.ogg,Q,incorrect,2672,110,stemC,5,5,familiar,present
p02,15.83,1,f,6.31,V3_staAre,2,V3_stemComp,7,26S_stem.ogg,P,correct,2449,111,stemC,5,6,new,present
p02,15.83,1,f,6.31,V3_staAre,2,V3_stemComp,8,01P_stem.ogg,Q,correct,1891,112,stemC,5,7,familiar,absent
p02,15.83,1,f,6.31,V3_staAre,2,V3_stemComp,9,04S_stem.ogg,P,correct,1477,113,stemC,5,8,familiar,present
p02,15.83,1,f,6.31,V3_staAre,2,V3_stemComp,10,22S_stem.ogg,P,correct,1507,114,stemC,5,9,new,present
p02,15.83,1,f,6.31,V3_staAre,2,V3_stemComp,11,17P_stem.ogg,Q,correct,1453,115,stemC,5,10,new,absent
p02,15.83,1,f,6.31,V3_staAre,2,V3_stemComp,12,14P_stem.ogg,Q,correct,1212,116,stemC,5,11,familiar,absent
p02,15.83,1,f,6.31,V3_staAre,2,V3_stemComp,13,02S_stem.ogg,P,correct,1088,117,stemC,5,12,familiar,present
p02,15.83,1,f,6.31,V3_staAre,2,V3_stemComp,14,07P_stem.ogg,Q,correct,1476,118,stemC,5,13,familiar,absent
p02,15.83,1,f,6.31,V3_staAre,2,V3_stemComp,15,31S_stem.ogg,P,correct,1613,119,stemC,5,14,new,present
p02,15.83,1,f,6.31,V3_staAre,2,V3_stemComp,16,28P_stem.ogg,Q,correct,1414,120,stemC,5,15,new,absent
p02,15.83,0,f,6.31,V3_staAre,2,V3_stemComp,17,25P_stem.ogg,P,incorrect,978,120,stemC,5,16,familiar,absent
p03,19.19,1,m,7.9,V4_staAndo,2,V4_stemComp,2,04S_stem.ogg,P,correct,3087,168,stemC,5,1,familiar,present
p03,19.19,1,m,7.9,V4_staAndo,2,V4_stemComp,3,26S_stem.ogg,P,correct,2939,169,stemC,5,2,new,present
p03,19.19,1,m,7.9,V4_staAndo,2,V4_stemComp,4,23P_stem.ogg,Q,correct,1809,170,stemC,5,3,familiar,absent
p03,19.19,1,m,7.9,V4_staAndo,2,V4_stemComp,5,02S_stem.ogg,P,correct,2010,171,stemC,5,4,familiar,present
p03,19.19,0,m,7.9,V4_staAndo,2,V4_stemComp,6,14P_stem.ogg,P,incorrect,2125,171,stemC,5,5,familiar,absent
p03,19.19,1,m,7.9,V4_staAndo,2,V4_stemComp,7,08S_stem.ogg,P,correct,6360,172,stemC,5,6,new,present
p03,19.19,1,m,7.9,V4_staAndo,2,V4_stemComp,8,17S_stem.ogg,P,correct,2590,173,stemC,5,7,new,present
p03,19.19,1,m,7.9,V4_staAndo,2,V4_stemComp,9,06P_stem.ogg,Q,correct,1820,174,stemC,5,8,new,absent
p03,19.19,1,m,7.9,V4_staAndo,2,V4_stemComp,10,25S_stem.ogg,P,correct,1927,175,stemC,5,9,familiar,present
p03,19.19,1,m,7.9,V4_staAndo,2,V4_stemComp,11,28P_stem.ogg,Q,correct,3859,176,stemC,5,10,new,absent
p03,19.19,1,m,7.9,V4_staAndo,2,V4_stemComp,12,07P_stem.ogg,Q,correct,2307,177,stemC,5,11,familiar,absent
p03,19.19,1,m,7.9,V4_staAndo,2,V4_stemComp,13,22S_stem.ogg,P,correct,1575,178,stemC,5,12,new,present
p03,19.19,0,m,7.9,V4_staAndo,2,V4_stemComp,14,01P_stem.ogg,P,incorrect,3950,178,stemC,5,13,familiar,absent
p03,19.19,0,m,7.9,V4_staAndo,2,V4_stemComp,15,03P_stem.ogg,P,incorrect,2148,178,stemC,5,14,new,absent
p03,19.19,1,m,7.9,V4_staAndo,2,V4_stemComp,16,11S_stem.ogg,P,correct,2747,179,stemC,5,15,familiar,present
p03,19.19,0,m,7.9,V4_staAndo,2,V4_stemComp,17,31P_stem.ogg,P,incorrect,2380,179,stemC,5,16,new,absent
p04,22.93,1,f,7.15,V4_staAndo,2,V4_stemComp,2,04S_stem.ogg,P,correct,3517,156,stemC,5,1,familiar,present
p04,22.93,1,f,7.15,V4_staAndo,2,V4_stemComp,3,26S_stem.ogg,P,correct,2067,157,stemC,5,2,new,present
p04,22.93,0,f,7.15,V4_staAndo,2,V4_stemComp,4,23P_stem.ogg,P,incorrect,3435,157,stemC,5,3,familiar,absent
p04,22.93,1,f,7.15,V4_staAndo,2,V4_stemComp,5,02S_stem.ogg,P,correct,2453,158,stemC,5,4,familiar,present
p04,22.93,1,f,7.15,V4_staAndo,2,V4_stemComp,6,14P_stem.ogg,Q,correct,1796,159,stemC,5,5,familiar,absent
p04,22.93,1,f,7.15,V4_staAndo,2,V4_stemComp,7,08S_stem.ogg,P,correct,2402,160,stemC,5,6,new,present
p04,22.93,0,f,7.15,V4_staAndo,2,V4_stemComp,8,17S_stem.ogg,Q,incorrect,1875,160,stemC,5,7,new,present
p04,22.93,0,f,7.15,V4_staAndo,2,V4_stemComp,9,06P_stem.ogg,P,incorrect,2399,160,stemC,5,8,new,absent
p04,22.93,1,f,7.15,V4_staAndo,2,V4_stemComp,10,25S_stem.ogg,P,correct,2113,161,stemC,5,9,familiar,present
p04,22.93,0,f,7.15,V4_staAndo,2,V4_stemComp,11,28P_stem.ogg,P,incorrect,2479,161,stemC,5,10,new,absent
p04,22.93,0,f,7.15,V4_staAndo,2,V4_stemComp,12,07P_stem.ogg,P,incorrect,2799,161,stemC,5,11,familiar,absent
p04,22.93,1,f,7.15,V4_staAndo,2,V4_stemComp,13,22S_stem.ogg,P,correct,2036,162,stemC,5,12,new,present
p04,22.93,0,f,7.15,V4_staAndo,2,V4_stemComp,14,01P_stem.ogg,P,incorrect,4782,162,stemC,5,13,familiar,absent
p04,22.93,0,f,7.15,V4_staAndo,2,V4_stemComp,15,03P_stem.ogg,P,incorrect,2743,162,stemC,5,14,new,absent
p04,22.93,0,f,7.15,V4_staAndo,2,V4_stemComp,16,11S_stem.ogg,Q,incorrect,1810,162,stemC,5,15,familiar,present
p04,22.93,1,f,7.15,V4_staAndo,2,V4_stemComp,17,31P_stem.ogg,Q,correct,2665,163,stemC,5,16,new,absent
p06,24.11,0,m,6.9,V4_staAndo,2,V4_stemComp,2,04S_stem.ogg,Q,incorrect,26291,154,stemC,5,1,familiar,present
p06,24.11,1,m,6.9,V4_staAndo,2,V4_stemComp,3,26S_stem.ogg,P,correct,2892,155,stemC,5,2,new,present
p06,24.11,1,m,6.9,V4_staAndo,2,V4_stemComp,4,23P_stem.ogg,Q,correct,1327,156,stemC,5,3,familiar,absent
p06,24.11,1,m,6.9,V4_staAndo,2,V4_stemComp,5,02S_stem.ogg,P,correct,852,157,stemC,5,4,familiar,present
p06,24.11,1,m,6.9,V4_staAndo,2,V4_stemComp,6,14P_stem.ogg,Q,correct,2215,158,stemC,5,5,familiar,absent
p06,24.11,1,m,6.9,V4_staAndo,2,V4_stemComp,7,08S_stem.ogg,P,correct,724,159,stemC,5,6,new,present
p06,24.11,1,m,6.9,V4_staAndo,2,V4_stemComp,8,17S_stem.ogg,P,correct,1094,160,stemC,5,7,new,present
p06,24.11,1,m,6.9,V4_staAndo,2,V4_stemComp,9,06P_stem.ogg,Q,correct,1896,161,stemC,5,8,new,absent
p06,24.11,1,m,6.9,V4_staAndo,2,V4_stemComp,10,25S_stem.ogg,P,correct,1165,162,stemC,5,9,familiar,present
p06,24.11,1,m,6.9,V4_staAndo,2,V4_stemComp,11,28P_stem.ogg,Q,correct,1016,163,stemC,5,10,new,absent
p06,24.11,1,m,6.9,V4_staAndo,2,V4_stemComp,12,07P_stem.ogg,Q,correct,3900,164,stemC,5,11,familiar,absent
p06,24.11,1,m,6.9,V4_staAndo,2,V4_stemComp,13,22S_stem.ogg,P,correct,1509,165,stemC,5,12,new,present
p06,24.11,1,m,6.9,V4_staAndo,2,V4_stemComp,14,01P_stem.ogg,Q,correct,1628,166,stemC,5,13,familiar,absent
p06,24.11,1,m,6.9,V4_staAndo,2,V4_stemComp,15,03P_stem.ogg,Q,correct,957,167,stemC,5,14,new,absent
p06,24.11,1,m,6.9,V4_staAndo,2,V4_stemComp,16,11S_stem.ogg,P,correct,1157,168,stemC,5,15,familiar,present
p06,24.11,1,m,6.9,V4_staAndo,2,V4_stemComp,17,31P_stem.ogg,Q,correct,2568,169,stemC,5,16,new,absent
p08,18.23,1,m,5.07,V3_staAre,2,V3_stemComp,2,06P_stem.ogg,Q,correct,3894,140,stemC,5,1,new,absent
p08,18.23,0,m,5.07,V3_staAre,2,V3_stemComp,3,03P_stem.ogg,P,incorrect,1809,140,stemC,5,2,new,absent
p08,18.23,0,m,5.07,V3_staAre,2,V3_stemComp,4,08S_stem.ogg,Q,incorrect,1785,140,stemC,5,3,new,present
p08,18.23,1,m,5.07,V3_staAre,2,V3_stemComp,5,23S_stem.ogg,P,correct,2066,141,stemC,5,4,familiar,present
p08,18.23,0,m,5.07,V3_staAre,2,V3_stemComp,6,11S_stem.ogg,Q,incorrect,1832,141,stemC,5,5,familiar,present
p08,18.23,1,m,5.07,V3_staAre,2,V3_stemComp,7,26S_stem.ogg,P,correct,1952,142,stemC,5,6,new,present
p08,18.23,1,m,5.07,V3_staAre,2,V3_stemComp,8,01P_stem.ogg,Q,correct,3179,143,stemC,5,7,familiar,absent
p08,18.23,1,m,5.07,V3_staAre,2,V3_stemComp,9,04S_stem.ogg,P,correct,2021,144,stemC,5,8,familiar,present
p08,18.23,0,m,5.07,V3_staAre,2,V3_stemComp,10,22S_stem.ogg,Q,incorrect,1673,144,stemC,5,9,new,present
p08,18.23,0,m,5.07,V3_staAre,2,V3_stemComp,11,17P_stem.ogg,P,incorrect,1600,144,stemC,5,10,new,absent
p08,18.23,1,m,5.07,V3_staAre,2,V3_stemComp,12,14P_stem.ogg,Q,correct,1346,145,stemC,5,11,familiar,absent
p08,18.23,1,m,5.07,V3_staAre,2,V3_stemComp,13,02S_stem.ogg,P,correct,2653,146,stemC,5,12,familiar,present
p08,18.23,1,m,5.07,V3_staAre,2,V3_stemComp,14,07P_stem.ogg,Q,correct,1344,147,stemC,5,13,familiar,absent
p08,18.23,1,m,5.07,V3_staAre,2,V3_stemComp,15,31S_stem.ogg,P,correct,1453,148,stemC,5,14,new,present
p08,18.23,1,m,5.07,V3_staAre,2,V3_stemComp,16,28P_stem.ogg,Q,correct,2123,149,stemC,5,15,new,absent
p08,18.23,0,m,5.07,V3_staAre,2,V3_stemComp,17,25P_stem.ogg,P,incorrect,1670,149,stemC,5,16,familiar,absent
p09,20.12,1,f,7.33,V2_puoAre,2,V2_stemComp,2,22P_stem.ogg,P,correct,2626,103,stemC,5,1,new,present
p09,20.12,1,f,7.33,V2_puoAre,2,V2_stemComp,3,31S_stem.ogg,Q,correct,3695,104,stemC,5,2,new,absent
p09,20.12,1,f,7.33,V2_puoAre,2,V2_stemComp,4,17P_stem.ogg,P,correct,5876,105,stemC,5,3,new,present
p09,20.12,0,f,7.33,V2_puoAre,2,V2_stemComp,5,25S_stem.ogg,P,incorrect,5301,105,stemC,5,4,familiar,absent
p09,20.12,1,f,7.33,V2_puoAre,2,V2_stemComp,6,02S_stem.ogg,Q,correct,1933,106,stemC,5,5,familiar,absent
p09,20.12,0,f,7.33,V2_puoAre,2,V2_stemComp,7,11P_stem.ogg,Q,incorrect,3254,106,stemC,5,6,familiar,present
p09,20.12,1,f,7.33,V2_puoAre,2,V2_stemComp,8,03S_stem.ogg,Q,correct,2991,107,stemC,5,7,new,absent
p09,20.12,0,f,7.33,V2_puoAre,2,V2_stemComp,9,01P_stem.ogg,Q,incorrect,4968,107,stemC,5,8,familiar,present
p09,20.12,1,f,7.33,V2_puoAre,2,V2_stemComp,10,26P_stem.ogg,P,correct,2198,108,stemC,5,9,new,present
p09,20.12,1,f,7.33,V2_puoAre,2,V2_stemComp,11,28P_stem.ogg,P,correct,1741,109,stemC,5,10,new,present
p09,20.12,0,f,7.33,V2_puoAre,2,V2_stemComp,12,04S_stem.ogg,P,incorrect,3465,109,stemC,5,11,familiar,absent
p09,20.12,1,f,7.33,V2_puoAre,2,V2_stemComp,13,07P_stem.ogg,P,correct,2165,110,stemC,5,12,familiar,present
p09,20.12,0,f,7.33,V2_puoAre,2,V2_stemComp,14,23P_stem.ogg,Q,incorrect,1478,110,stemC,5,13,familiar,present
p09,20.12,1,f,7.33,V2_puoAre,2,V2_stemComp,15,06S_stem.ogg,Q,correct,2268,111,stemC,5,14,new,absent
p09,20.12,0,f,7.33,V2_puoAre,2,V2_stemComp,16,08S_stem.ogg,P,incorrect,1972,111,stemC,5,15,new,absent
p09,20.12,0,f,7.33,V2_puoAre,2,V2_stemComp,17,14S_stem.ogg,P,incorrect,3399,111,stemC,5,16,familiar,absent
p14,18.46,0,f,6.24,V1_puoAndo,2,V1_stemComp,2,25S_stem.ogg,P,incorrect,2392,148,stemC,5,1,familiar,absent
p14,18.46,1,f,6.24,V1_puoAndo,2,V1_stemComp,3,22P_stem.ogg,P,correct,3297,149,stemC,5,2,new,present
p14,18.46,1,f,6.24,V1_puoAndo,2,V1_stemComp,4,26P_stem.ogg,P,correct,2490,150,stemC,5,3,new,present
p14,18.46,1,f,6.24,V1_puoAndo,2,V1_stemComp,5,28S_stem.ogg,Q,correct,1674,151,stemC,5,4,new,absent
p14,18.46,1,f,6.24,V1_puoAndo,2,V1_stemComp,6,08P_stem.ogg,P,correct,1089,152,stemC,5,5,new,present
p14,18.46,1,f,6.24,V1_puoAndo,2,V1_stemComp,7,11P_stem.ogg,P,correct,2826,153,stemC,5,6,familiar,present
p14,18.46,1,f,6.24,V1_puoAndo,2,V1_stemComp,8,06S_stem.ogg,Q,correct,1969,154,stemC,5,7,new,absent
p14,18.46,1,f,6.24,V1_puoAndo,2,V1_stemComp,9,03S_stem.ogg,Q,correct,4310,155,stemC,5,8,new,absent
p14,18.46,1,f,6.24,V1_puoAndo,2,V1_stemComp,10,04P_stem.ogg,P,correct,2321,156,stemC,5,9,familiar,present
p14,18.46,0,f,6.24,V1_puoAndo,2,V1_stemComp,11,07P_stem.ogg,Q,incorrect,3511,156,stemC,5,10,familiar,present
p14,18.46,1,f,6.24,V1_puoAndo,2,V1_stemComp,12,02S_stem.ogg,Q,correct,5231,157,stemC,5,11,familiar,absent
p14,18.46,0,f,6.24,V1_puoAndo,2,V1_stemComp,13,17S_stem.ogg,P,incorrect,5294,157,stemC,5,12,new,absent
p14,18.46,0,f,6.24,V1_puoAndo,2,V1_stemComp,14,31P_stem.ogg,Q,incorrect,3041,157,stemC,5,13,new,present
p14,18.46,1,f,6.24,V1_puoAndo,2,V1_stemComp,15,14S_stem.ogg,Q,correct,6182,158,stemC,5,14,familiar,absent
p14,18.46,0,f,6.24,V1_puoAndo,2,V1_stemComp,16,01P_stem.ogg,Q,incorrect,10918,158,stemC,5,15,familiar,present
p14,18.46,1,f,6.24,V1_puoAndo,2,V1_stemComp,17,23S_stem.ogg,Q,correct,3457,159,stemC,5,16,familiar,absent
p15,23.67,0,f,5.16,V4_staAndo,2,V4_stemComp,2,04S_stem.ogg,Q,incorrect,7710,103,stemC,5,1,familiar,present
p15,23.67,1,f,5.16,V4_staAndo,2,V4_stemComp,3,26S_stem.ogg,P,correct,8154,104,stemC,5,2,new,present
p15,23.67,0,f,5.16,V4_staAndo,2,V4_stemComp,4,23P_stem.ogg,P,incorrect,4824,104,stemC,5,3,familiar,absent
p15,23.67,0,f,5.16,V4_staAndo,2,V4_stemComp,5,02S_stem.ogg,Q,incorrect,3684,104,stemC,5,4,familiar,present
p15,23.67,0,f,5.16,V4_staAndo,2,V4_stemComp,6,14P_stem.ogg,P,incorrect,2666,104,stemC,5,5,familiar,absent
p15,23.67,0,f,5.16,V4_staAndo,2,V4_stemComp,7,08S_stem.ogg,Q,incorrect,2391,104,stemC,5,6,new,present
p15,23.67,1,f,5.16,V4_staAndo,2,V4_stemComp,8,17S_stem.ogg,P,correct,3895,105,stemC,5,7,new,present
p15,23.67,1,f,5.16,V4_staAndo,2,V4_stemComp,9,06P_stem.ogg,Q,correct,2842,106,stemC,5,8,new,absent
p15,23.67,1,f,5.16,V4_staAndo,2,V4_stemComp,10,25S_stem.ogg,P,correct,3329,107,stemC,5,9,familiar,present
p15,23.67,1,f,5.16,V4_staAndo,2,V4_stemComp,11,28P_stem.ogg,Q,correct,1823,108,stemC,5,10,new,absent
p15,23.67,0,f,5.16,V4_staAndo,2,V4_stemComp,12,07P_stem.ogg,P,incorrect,1541,108,stemC,5,11,familiar,absent
p15,23.67,0,f,5.16,V4_staAndo,2,V4_stemComp,13,22S_stem.ogg,Q,incorrect,1954,108,stemC,5,12,new,present
p15,23.67,0,f,5.16,V4_staAndo,2,V4_stemComp,14,01P_stem.ogg,P,incorrect,2199,108,stemC,5,13,familiar,absent
p15,23.67,1,f,5.16,V4_staAndo,2,V4_stemComp,15,03P_stem.ogg,Q,correct,2326,109,stemC,5,14,new,absent
p15,23.67,1,f,5.16,V4_staAndo,2,V4_stemComp,16,11S_stem.ogg,P,correct,494,110,stemC,5,15,familiar,present
p15,23.67,1,f,5.16,V4_staAndo,2,V4_stemComp,17,31P_stem.ogg,Q,correct,881,111,stemC,5,16,new,absent
p16,19.1,0,m,7,V2_puoAre,2,V2_stemComp,2,22P_stem.ogg,Q,incorrect,5446,112,stemC,5,1,new,present
p16,19.1,0,m,7,V2_puoAre,2,V2_stemComp,3,31S_stem.ogg,P,incorrect,4668,112,stemC,5,2,new,absent
p16,19.1,1,m,7,V2_puoAre,2,V2_stemComp,4,17P_stem.ogg,P,correct,2434,113,stemC,5,3,new,present
p16,19.1,1,m,7,V2_puoAre,2,V2_stemComp,5,25S_stem.ogg,Q,correct,1618,114,stemC,5,4,familiar,absent
p16,19.1,1,m,7,V2_puoAre,2,V2_stemComp,6,02S_stem.ogg,Q,correct,1490,115,stemC,5,5,familiar,absent
p16,19.1,1,m,7,V2_puoAre,2,V2_stemComp,7,11P_stem.ogg,P,correct,1532,116,stemC,5,6,familiar,present
p16,19.1,1,m,7,V2_puoAre,2,V2_stemComp,8,03S_stem.ogg,Q,correct,2110,117,stemC,5,7,new,absent
p16,19.1,1,m,7,V2_puoAre,2,V2_stemComp,9,01P_stem.ogg,P,correct,2146,118,stemC,5,8,familiar,present
p16,19.1,1,m,7,V2_puoAre,2,V2_stemComp,10,26P_stem.ogg,P,correct,2312,119,stemC,5,9,new,present
p16,19.1,0,m,7,V2_puoAre,2,V2_stemComp,11,28P_stem.ogg,Q,incorrect,2478,119,stemC,5,10,new,present
p16,19.1,1,m,7,V2_puoAre,2,V2_stemComp,12,04S_stem.ogg,Q,correct,1910,120,stemC,5,11,familiar,absent
p16,19.1,1,m,7,V2_puoAre,2,V2_stemComp,13,07P_stem.ogg,P,correct,2230,121,stemC,5,12,familiar,present
p16,19.1,1,m,7,V2_puoAre,2,V2_stemComp,14,23P_stem.ogg,P,correct,2170,122,stemC,5,13,familiar,present
p16,19.1,1,m,7,V2_puoAre,2,V2_stemComp,15,06S_stem.ogg,Q,correct,1824,123,stemC,5,14,new,absent
p16,19.1,1,m,7,V2_puoAre,2,V2_stemComp,16,08S_stem.ogg,Q,correct,1898,124,stemC,5,15,new,absent
p16,19.1,1,m,7,V2_puoAre,2,V2_stemComp,17,14S_stem.ogg,Q,correct,1368,125,stemC,5,16,familiar,absent
p20,23.22,0,f,6.17,V1_puoAndo,2,V1_stemComp,2,25S_stem.ogg,P,incorrect,6379,156,stemC,5,1,familiar,absent
p20,23.22,0,f,6.17,V1_puoAndo,2,V1_stemComp,3,22P_stem.ogg,Q,incorrect,7642,156,stemC,5,2,new,present
p20,23.22,1,f,6.17,V1_puoAndo,2,V1_stemComp,4,26P_stem.ogg,P,correct,3809,157,stemC,5,3,new,present
p20,23.22,0,f,6.17,V1_puoAndo,2,V1_stemComp,5,28S_stem.ogg,P,incorrect,6652,157,stemC,5,4,new,absent
p20,23.22,1,f,6.17,V1_puoAndo,2,V1_stemComp,6,08P_stem.ogg,P,correct,2326,158,stemC,5,5,new,present
p20,23.22,1,f,6.17,V1_puoAndo,2,V1_stemComp,7,11P_stem.ogg,P,correct,2786,159,stemC,5,6,familiar,present
p20,23.22,1,f,6.17,V1_puoAndo,2,V1_stemComp,8,06S_stem.ogg,Q,correct,3819,160,stemC,5,7,new,absent
p20,23.22,1,f,6.17,V1_puoAndo,2,V1_stemComp,9,03S_stem.ogg,Q,correct,3061,161,stemC,5,8,new,absent
p20,23.22,1,f,6.17,V1_puoAndo,2,V1_stemComp,10,04P_stem.ogg,P,correct,1997,162,stemC,5,9,familiar,present
p20,23.22,1,f,6.17,V1_puoAndo,2,V1_stemComp,11,07P_stem.ogg,P,correct,3951,163,stemC,5,10,familiar,present
p20,23.22,1,f,6.17,V1_puoAndo,2,V1_stemComp,12,02S_stem.ogg,Q,correct,3242,164,stemC,5,11,familiar,absent
p20,23.22,1,f,6.17,V1_puoAndo,2,V1_stemComp,13,17S_stem.ogg,Q,correct,4191,165,stemC,5,12,new,absent
p20,23.22,1,f,6.17,V1_puoAndo,2,V1_stemComp,14,31P_stem.ogg,P,correct,2461,166,stemC,5,13,new,present
p20,23.22,1,f,6.17,V1_puoAndo,2,V1_stemComp,15,14S_stem.ogg,Q,correct,2118,167,stemC,5,14,familiar,absent
p20,23.22,1,f,6.17,V1_puoAndo,2,V1_stemComp,16,01P_stem.ogg,P,correct,2900,168,stemC,5,15,familiar,present
p20,23.22,1,f,6.17,V1_puoAndo,2,V1_stemComp,17,23S_stem.ogg,Q,correct,3022,169,stemC,5,16,familiar,absent
p22,43.66,0,m,7.17,V2_puoAre,2,V2_stemComp,2,22P_stem.ogg,Q,incorrect,21121,120,stemC,5,1,new,present
p22,43.66,1,m,7.17,V2_puoAre,2,V2_stemComp,3,31S_stem.ogg,Q,correct,9152,121,stemC,5,2,new,absent
p22,43.66,0,m,7.17,V2_puoAre,2,V2_stemComp,4,17P_stem.ogg,Q,incorrect,2931,121,stemC,5,3,new,present
p22,43.66,0,m,7.17,V2_puoAre,2,V2_stemComp,5,25S_stem.ogg,P,incorrect,1701,121,stemC,5,4,familiar,absent
p22,43.66,1,m,7.17,V2_puoAre,2,V2_stemComp,6,02S_stem.ogg,Q,correct,1448,122,stemC,5,5,familiar,absent
p22,43.66,1,m,7.17,V2_puoAre,2,V2_stemComp,7,11P_stem.ogg,P,correct,1444,123,stemC,5,6,familiar,present
p22,43.66,0,m,7.17,V2_puoAre,2,V2_stemComp,8,03S_stem.ogg,P,incorrect,103,123,stemC,5,7,new,absent
p22,43.66,0,m,7.17,V2_puoAre,2,V2_stemComp,9,01P_stem.ogg,Q,incorrect,573028,123,stemC,5,8,familiar,present
p22,43.66,0,m,7.17,V2_puoAre,2,V2_stemComp,10,26P_stem.ogg,Q,incorrect,199,123,stemC,5,9,new,present
p22,43.66,0,m,7.17,V2_puoAre,2,V2_stemComp,11,28P_stem.ogg,Q,incorrect,27846,123,stemC,5,10,new,present
p22,43.66,1,m,7.17,V2_puoAre,2,V2_stemComp,12,04S_stem.ogg,Q,correct,9610,124,stemC,5,11,familiar,absent
p22,43.66,1,m,7.17,V2_puoAre,2,V2_stemComp,13,07P_stem.ogg,P,correct,8079,125,stemC,5,12,familiar,present
p22,43.66,0,m,7.17,V2_puoAre,2,V2_stemComp,14,23P_stem.ogg,Q,incorrect,3659,125,stemC,5,13,familiar,present
p22,43.66,0,m,7.17,V2_puoAre,2,V2_stemComp,15,06S_stem.ogg,P,incorrect,2755,125,stemC,5,14,new,absent
p22,43.66,1,m,7.17,V2_puoAre,2,V2_stemComp,16,08S_stem.ogg,Q,correct,2141,126,stemC,5,15,new,absent
p22,43.66,0,m,7.17,V2_puoAre,2,V2_stemComp,17,14S_stem.ogg,P,incorrect,2294,126,stemC,5,16,familiar,absent
p23,16.83,1,m,7.76,V4_staAndo,2,V4_stemComp,2,04S_stem.ogg,P,correct,2816,149,stemC,5,1,familiar,present
p23,16.83,0,m,7.76,V4_staAndo,2,V4_stemComp,3,26S_stem.ogg,Q,incorrect,2822,149,stemC,5,2,new,present
p23,16.83,1,m,7.76,V4_staAndo,2,V4_stemComp,4,23P_stem.ogg,Q,correct,1376,150,stemC,5,3,familiar,absent
p23,16.83,1,m,7.76,V4_staAndo,2,V4_stemComp,5,02S_stem.ogg,P,correct,3064,151,stemC,5,4,familiar,present
p23,16.83,0,m,7.76,V4_staAndo,2,V4_stemComp,6,14P_stem.ogg,P,incorrect,2895,151,stemC,5,5,familiar,absent
p23,16.83,1,m,7.76,V4_staAndo,2,V4_stemComp,7,08S_stem.ogg,P,correct,2711,152,stemC,5,6,new,present
p23,16.83,1,m,7.76,V4_staAndo,2,V4_stemComp,8,17S_stem.ogg,P,correct,1746,153,stemC,5,7,new,present
p23,16.83,1,m,7.76,V4_staAndo,2,V4_stemComp,9,06P_stem.ogg,Q,correct,1281,154,stemC,5,8,new,absent
p23,16.83,1,m,7.76,V4_staAndo,2,V4_stemComp,10,25S_stem.ogg,P,correct,2460,155,stemC,5,9,familiar,present
p23,16.83,1,m,7.76,V4_staAndo,2,V4_stemComp,11,28P_stem.ogg,Q,correct,2271,156,stemC,5,10,new,absent
p23,16.83,1,m,7.76,V4_staAndo,2,V4_stemComp,12,07P_stem.ogg,Q,correct,1894,157,stemC,5,11,familiar,absent
p23,16.83,0,m,7.76,V4_staAndo,2,V4_stemComp,13,22S_stem.ogg,Q,incorrect,2648,157,stemC,5,12,new,present
p23,16.83,1,m,7.76,V4_staAndo,2,V4_stemComp,14,01P_stem.ogg,Q,correct,2083,158,stemC,5,13,familiar,absent
p23,16.83,1,m,7.76,V4_staAndo,2,V4_stemComp,15,03P_stem.ogg,Q,correct,2386,159,stemC,5,14,new,absent
p23,16.83,1,m,7.76,V4_staAndo,2,V4_stemComp,16,11S_stem.ogg,P,correct,1931,160,stemC,5,15,familiar,present
p23,16.83,1,m,7.76,V4_staAndo,2,V4_stemComp,17,31P_stem.ogg,Q,correct,1735,161,stemC,5,16,new,absent
p25,19.12,0,m,7.59,V2_puoAre,2,V2_stemComp,2,22P_stem.ogg,Q,incorrect,3631,133,stemC,5,1,new,present
p25,19.12,1,m,7.59,V2_puoAre,2,V2_stemComp,3,31S_stem.ogg,Q,correct,3536,134,stemC,5,2,new,absent
p25,19.12,1,m,7.59,V2_puoAre,2,V2_stemComp,4,17P_stem.ogg,P,correct,4216,135,stemC,5,3,new,present
p25,19.12,0,m,7.59,V2_puoAre,2,V2_stemComp,5,25S_stem.ogg,P,incorrect,3357,135,stemC,5,4,familiar,absent
p25,19.12,1,m,7.59,V2_puoAre,2,V2_stemComp,6,02S_stem.ogg,Q,correct,1810,136,stemC,5,5,familiar,absent
p25,19.12,1,m,7.59,V2_puoAre,2,V2_stemComp,7,11P_stem.ogg,P,correct,3162,137,stemC,5,6,familiar,present
p25,19.12,0,m,7.59,V2_puoAre,2,V2_stemComp,8,03S_stem.ogg,P,incorrect,3552,137,stemC,5,7,new,absent
p25,19.12,0,m,7.59,V2_puoAre,2,V2_stemComp,9,01P_stem.ogg,Q,incorrect,3995,137,stemC,5,8,familiar,present
p25,19.12,0,m,7.59,V2_puoAre,2,V2_stemComp,10,26P_stem.ogg,Q,incorrect,4738,137,stemC,5,9,new,present
p25,19.12,1,m,7.59,V2_puoAre,2,V2_stemComp,11,28P_stem.ogg,P,correct,2870,138,stemC,5,10,new,present
p25,19.12,0,m,7.59,V2_puoAre,2,V2_stemComp,12,04S_stem.ogg,P,incorrect,2425,138,stemC,5,11,familiar,absent
p25,19.12,0,m,7.59,V2_puoAre,2,V2_stemComp,13,07P_stem.ogg,Q,incorrect,2366,138,stemC,5,12,familiar,present
p25,19.12,1,m,7.59,V2_puoAre,2,V2_stemComp,14,23P_stem.ogg,P,correct,2168,139,stemC,5,13,familiar,present
p25,19.12,1,m,7.59,V2_puoAre,2,V2_stemComp,15,06S_stem.ogg,Q,correct,2445,140,stemC,5,14,new,absent
p25,19.12,1,m,7.59,V2_puoAre,2,V2_stemComp,16,08S_stem.ogg,Q,correct,3106,141,stemC,5,15,new,absent
p25,19.12,0,m,7.59,V2_puoAre,2,V2_stemComp,17,14S_stem.ogg,P,incorrect,2241,141,stemC,5,16,familiar,absent
p27,21.4,0,m,4.67,V4_staAndo,2,V4_stemComp,2,04S_stem.ogg,Q,incorrect,8599,134,stemC,5,1,familiar,present
p27,21.4,1,m,4.67,V4_staAndo,2,V4_stemComp,3,26S_stem.ogg,P,correct,3763,135,stemC,5,2,new,present
p27,21.4,1,m,4.67,V4_staAndo,2,V4_stemComp,4,23P_stem.ogg,Q,correct,2211,136,stemC,5,3,familiar,absent
p27,21.4,1,m,4.67,V4_staAndo,2,V4_stemComp,5,02S_stem.ogg,P,correct,2436,137,stemC,5,4,familiar,present
p27,21.4,0,m,4.67,V4_staAndo,2,V4_stemComp,6,14P_stem.ogg,P,incorrect,6004,137,stemC,5,5,familiar,absent
p27,21.4,0,m,4.67,V4_staAndo,2,V4_stemComp,7,08S_stem.ogg,Q,incorrect,9395,137,stemC,5,6,new,present
p27,21.4,0,m,4.67,V4_staAndo,2,V4_stemComp,8,17S_stem.ogg,Q,incorrect,10280,137,stemC,5,7,new,present
p27,21.4,0,m,4.67,V4_staAndo,2,V4_stemComp,9,06P_stem.ogg,P,incorrect,9509,137,stemC,5,8,new,absent
p27,21.4,0,m,4.67,V4_staAndo,2,V4_stemComp,10,25S_stem.ogg,Q,incorrect,3155,137,stemC,5,9,familiar,present
p27,21.4,1,m,4.67,V4_staAndo,2,V4_stemComp,11,28P_stem.ogg,Q,correct,8216,138,stemC,5,10,new,absent
p27,21.4,1,m,4.67,V4_staAndo,2,V4_stemComp,12,07P_stem.ogg,Q,correct,15395,139,stemC,5,11,familiar,absent
p27,21.4,0,m,4.67,V4_staAndo,2,V4_stemComp,13,22S_stem.ogg,Q,incorrect,16426,139,stemC,5,12,new,present
p27,21.4,0,m,4.67,V4_staAndo,2,V4_stemComp,14,01P_stem.ogg,P,incorrect,2585,139,stemC,5,13,familiar,absent
p27,21.4,1,m,4.67,V4_staAndo,2,V4_stemComp,15,03P_stem.ogg,Q,correct,2020,140,stemC,5,14,new,absent
p27,21.4,1,m,4.67,V4_staAndo,2,V4_stemComp,16,11S_stem.ogg,P,correct,5205,141,stemC,5,15,familiar,present
p27,21.4,0,m,4.67,V4_staAndo,2,V4_stemComp,17,31P_stem.ogg,P,incorrect,8654,141,stemC,5,16,new,absent
p28,18.97,0,f,7.01,V2_puoAre,2,V2_stemComp,2,22P_stem.ogg,Q,incorrect,8828,136,stemC,5,1,new,present
p28,18.97,0,f,7.01,V2_puoAre,2,V2_stemComp,3,31S_stem.ogg,P,incorrect,4132,136,stemC,5,2,new,absent
p28,18.97,0,f,7.01,V2_puoAre,2,V2_stemComp,4,17P_stem.ogg,Q,incorrect,4975,136,stemC,5,3,new,present
p28,18.97,0,f,7.01,V2_puoAre,2,V2_stemComp,5,25S_stem.ogg,P,incorrect,4084,136,stemC,5,4,familiar,absent
p28,18.97,1,f,7.01,V2_puoAre,2,V2_stemComp,6,02S_stem.ogg,Q,correct,3495,137,stemC,5,5,familiar,absent
p28,18.97,1,f,7.01,V2_puoAre,2,V2_stemComp,7,11P_stem.ogg,P,correct,2793,138,stemC,5,6,familiar,present
p28,18.97,0,f,7.01,V2_puoAre,2,V2_stemComp,8,03S_stem.ogg,P,incorrect,3096,138,stemC,5,7,new,absent
p28,18.97,1,f,7.01,V2_puoAre,2,V2_stemComp,9,01P_stem.ogg,P,correct,2560,139,stemC,5,8,familiar,present
p28,18.97,0,f,7.01,V2_puoAre,2,V2_stemComp,10,26P_stem.ogg,Q,incorrect,4848,139,stemC,5,9,new,present
p28,18.97,1,f,7.01,V2_puoAre,2,V2_stemComp,11,28P_stem.ogg,P,correct,2192,140,stemC,5,10,new,present
p28,18.97,1,f,7.01,V2_puoAre,2,V2_stemComp,12,04S_stem.ogg,Q,correct,2365,141,stemC,5,11,familiar,absent
p28,18.97,0,f,7.01,V2_puoAre,2,V2_stemComp,13,07P_stem.ogg,Q,incorrect,2616,141,stemC,5,12,familiar,present
p28,18.97,1,f,7.01,V2_puoAre,2,V2_stemComp,14,23P_stem.ogg,P,correct,2790,142,stemC,5,13,familiar,present
p28,18.97,0,f,7.01,V2_puoAre,2,V2_stemComp,15,06S_stem.ogg,P,incorrect,4034,142,stemC,5,14,new,absent
p28,18.97,1,f,7.01,V2_puoAre,2,V2_stemComp,16,08S_stem.ogg,Q,correct,2029,143,stemC,5,15,new,absent
p28,18.97,0,f,7.01,V2_puoAre,2,V2_stemComp,17,14S_stem.ogg,P,incorrect,2204,143,stemC,5,16,familiar,absent
p29,19.8,1,f,5.43,V1_puoAndo,2,V1_stemComp,2,25S_stem.ogg,Q,correct,6742,130,stemC,5,1,familiar,absent
p29,19.8,1,f,5.43,V1_puoAndo,2,V1_stemComp,3,22P_stem.ogg,P,correct,2560,131,stemC,5,2,new,present
p29,19.8,0,f,5.43,V1_puoAndo,2,V1_stemComp,4,26P_stem.ogg,Q,incorrect,3271,131,stemC,5,3,new,present
p29,19.8,0,f,5.43,V1_puoAndo,2,V1_stemComp,5,28S_stem.ogg,P,incorrect,2203,131,stemC,5,4,new,absent
p29,19.8,1,f,5.43,V1_puoAndo,2,V1_stemComp,6,08P_stem.ogg,P,correct,3591,132,stemC,5,5,new,present
p29,19.8,1,f,5.43,V1_puoAndo,2,V1_stemComp,7,11P_stem.ogg,P,correct,3253,133,stemC,5,6,familiar,present
p29,19.8,1,f,5.43,V1_puoAndo,2,V1_stemComp,8,06S_stem.ogg,Q,correct,4204,134,stemC,5,7,new,absent
p29,19.8,0,f,5.43,V1_puoAndo,2,V1_stemComp,9,03S_stem.ogg,P,incorrect,2089,134,stemC,5,8,new,absent
p29,19.8,1,f,5.43,V1_puoAndo,2,V1_stemComp,10,04P_stem.ogg,P,correct,2882,135,stemC,5,9,familiar,present
p29,19.8,1,f,5.43,V1_puoAndo,2,V1_stemComp,11,07P_stem.ogg,P,correct,2520,136,stemC,5,10,familiar,present
p29,19.8,0,f,5.43,V1_puoAndo,2,V1_stemComp,12,02S_stem.ogg,P,incorrect,2900,136,stemC,5,11,familiar,absent
p29,19.8,1,f,5.43,V1_puoAndo,2,V1_stemComp,13,17S_stem.ogg,Q,correct,2520,137,stemC,5,12,new,absent
p29,19.8,1,f,5.43,V1_puoAndo,2,V1_stemComp,14,31P_stem.ogg,P,correct,2560,138,stemC,5,13,new,present
p29,19.8,1,f,5.43,V1_puoAndo,2,V1_stemComp,15,14S_stem.ogg,Q,correct,2389,139,stemC,5,14,familiar,absent
p29,19.8,0,f,5.43,V1_puoAndo,2,V1_stemComp,16,01P_stem.ogg,Q,incorrect,3481,139,stemC,5,15,familiar,present
p29,19.8,1,f,5.43,V1_puoAndo,2,V1_stemComp,17,23S_stem.ogg,Q,correct,2821,140,stemC,5,16,familiar,absent
p30,17.51,1,m,5.85,V3_staAre,2,V3_stemComp,2,06P_stem.ogg,Q,correct,2992,113,stemC,5,1,new,absent
p30,17.51,1,m,5.85,V3_staAre,2,V3_stemComp,3,03P_stem.ogg,Q,correct,2016,114,stemC,5,2,new,absent
p30,17.51,0,m,5.85,V3_staAre,2,V3_stemComp,4,08S_stem.ogg,Q,incorrect,2627,114,stemC,5,3,new,present
p30,17.51,0,m,5.85,V3_staAre,2,V3_stemComp,5,23S_stem.ogg,Q,incorrect,2209,114,stemC,5,4,familiar,present
p30,17.51,0,m,5.85,V3_staAre,2,V3_stemComp,6,11S_stem.ogg,Q,incorrect,1893,114,stemC,5,5,familiar,present
p30,17.51,0,m,5.85,V3_staAre,2,V3_stemComp,7,26S_stem.ogg,Q,incorrect,2620,114,stemC,5,6,new,present
p30,17.51,1,m,5.85,V3_staAre,2,V3_stemComp,8,01P_stem.ogg,Q,correct,2253,115,stemC,5,7,familiar,absent
p30,17.51,0,m,5.85,V3_staAre,2,V3_stemComp,9,04S_stem.ogg,Q,incorrect,1970,115,stemC,5,8,familiar,present
p30,17.51,0,m,5.85,V3_staAre,2,V3_stemComp,10,22S_stem.ogg,Q,incorrect,1822,115,stemC,5,9,new,present
p30,17.51,1,m,5.85,V3_staAre,2,V3_stemComp,11,17P_stem.ogg,Q,correct,1679,116,stemC,5,10,new,absent
p30,17.51,1,m,5.85,V3_staAre,2,V3_stemComp,12,14P_stem.ogg,Q,correct,1332,117,stemC,5,11,familiar,absent
p30,17.51,1,m,5.85,V3_staAre,2,V3_stemComp,13,02S_stem.ogg,P,correct,1708,118,stemC,5,12,familiar,present
p30,17.51,1,m,5.85,V3_staAre,2,V3_stemComp,14,07P_stem.ogg,Q,correct,1829,119,stemC,5,13,familiar,absent
p30,17.51,0,m,5.85,V3_staAre,2,V3_stemComp,15,31S_stem.ogg,Q,incorrect,1551,119,stemC,5,14,new,present
p30,17.51,1,m,5.85,V3_staAre,2,V3_stemComp,16,28P_stem.ogg,Q,correct,1552,120,stemC,5,15,new,absent
p30,17.51,1,m,5.85,V3_staAre,2,V3_stemComp,17,25P_stem.ogg,Q,correct,1512,121,stemC,5,16,familiar,absent
p33,30.55,1,m,6.1,V3_staAre,2,V3_stemComp,2,06P_stem.ogg,Q,correct,8386,152,stemC,5,1,new,absent
p33,30.55,0,m,6.1,V3_staAre,2,V3_stemComp,3,03P_stem.ogg,Q,incorrect,7678,152,stemC,5,2,new,absent
p33,30.55,0,m,6.1,V3_staAre,2,V3_stemComp,4,08S_stem.ogg,Q,incorrect,6856,152,stemC,5,3,new,present
p33,30.55,0,m,6.1,V3_staAre,2,V3_stemComp,5,23S_stem.ogg,Q,incorrect,7000,152,stemC,5,4,familiar,present
p33,30.55,0,m,6.1,V3_staAre,2,V3_stemComp,6,11S_stem.ogg,Q,incorrect,4780,152,stemC,5,5,familiar,present
p33,30.55,1,m,6.1,V3_staAre,2,V3_stemComp,7,26S_stem.ogg,Q,correct,8791,153,stemC,5,6,new,present
p33,30.55,0,m,6.1,V3_staAre,2,V3_stemComp,8,01P_stem.ogg,Q,incorrect,3663,153,stemC,5,7,familiar,absent
p33,30.55,1,m,6.1,V3_staAre,2,V3_stemComp,9,04S_stem.ogg,Q,correct,6250,154,stemC,5,8,familiar,present
p33,30.55,0,m,6.1,V3_staAre,2,V3_stemComp,10,22S_stem.ogg,Q,incorrect,5850,154,stemC,5,9,new,present
p33,30.55,0,m,6.1,V3_staAre,2,V3_stemComp,11,17P_stem.ogg,Q,incorrect,8729,154,stemC,5,10,new,absent
p33,30.55,0,m,6.1,V3_staAre,2,V3_stemComp,12,14P_stem.ogg,Q,incorrect,17,154,stemC,5,11,familiar,absent
p33,30.55,0,m,6.1,V3_staAre,2,V3_stemComp,13,02S_stem.ogg,P,incorrect,7468,154,stemC,5,12,familiar,present
p33,30.55,0,m,6.1,V3_staAre,2,V3_stemComp,14,07P_stem.ogg,Q,incorrect,6539,154,stemC,5,13,familiar,absent
p33,30.55,1,m,6.1,V3_staAre,2,V3_stemComp,15,31S_stem.ogg,Q,correct,6670,155,stemC,5,14,new,present
p33,30.55,0,m,6.1,V3_staAre,2,V3_stemComp,16,28P_stem.ogg,Q,incorrect,5542,155,stemC,5,15,new,absent
p33,30.55,0,m,6.1,V3_staAre,2,V3_stemComp,17,25P_stem.ogg,Q,incorrect,4815,155,stemC,5,16,familiar,absent
p34,19.46,1,f,6.45,V2_puoAre,2,V2_stemComp,2,22P_stem.ogg,P,correct,3964,115,stemC,5,1,new,present
p34,19.46,0,f,6.45,V2_puoAre,2,V2_stemComp,3,31S_stem.ogg,P,incorrect,3318,115,stemC,5,2,new,absent
p34,19.46,1,f,6.45,V2_puoAre,2,V2_stemComp,4,17P_stem.ogg,P,correct,1935,116,stemC,5,3,new,present
p34,19.46,0,f,6.45,V2_puoAre,2,V2_stemComp,5,25S_stem.ogg,P,incorrect,3131,116,stemC,5,4,familiar,absent
p34,19.46,0,f,6.45,V2_puoAre,2,V2_stemComp,6,02S_stem.ogg,P,incorrect,2857,116,stemC,5,5,familiar,absent
p34,19.46,0,f,6.45,V2_puoAre,2,V2_stemComp,7,11P_stem.ogg,Q,incorrect,2339,116,stemC,5,6,familiar,present
p34,19.46,0,f,6.45,V2_puoAre,2,V2_stemComp,8,03S_stem.ogg,P,incorrect,3321,116,stemC,5,7,new,absent
p34,19.46,0,f,6.45,V2_puoAre,2,V2_stemComp,9,01P_stem.ogg,Q,incorrect,5747,116,stemC,5,8,familiar,present
p34,19.46,1,f,6.45,V2_puoAre,2,V2_stemComp,10,26P_stem.ogg,P,correct,4526,117,stemC,5,9,new,present
p34,19.46,1,f,6.45,V2_puoAre,2,V2_stemComp,11,28P_stem.ogg,P,correct,3704,118,stemC,5,10,new,present
p34,19.46,0,f,6.45,V2_puoAre,2,V2_stemComp,12,04S_stem.ogg,P,incorrect,3807,118,stemC,5,11,familiar,absent
p34,19.46,0,f,6.45,V2_puoAre,2,V2_stemComp,13,07P_stem.ogg,Q,incorrect,2981,118,stemC,5,12,familiar,present
p34,19.46,1,f,6.45,V2_puoAre,2,V2_stemComp,14,23P_stem.ogg,P,correct,1828,119,stemC,5,13,familiar,present
p34,19.46,1,f,6.45,V2_puoAre,2,V2_stemComp,15,06S_stem.ogg,Q,correct,6043,120,stemC,5,14,new,absent
p34,19.46,0,f,6.45,V2_puoAre,2,V2_stemComp,16,08S_stem.ogg,P,incorrect,2909,120,stemC,5,15,new,absent
p34,19.46,1,f,6.45,V2_puoAre,2,V2_stemComp,17,14S_stem.ogg,Q,correct,2359,121,stemC,5,16,familiar,absent
p36,27.39,0,m,4.04,V3_staAre,2,V3_stemComp,2,06P_stem.ogg,P,incorrect,6517,138,stemC,5,1,new,absent
p36,27.39,0,m,4.04,V3_staAre,2,V3_stemComp,3,03P_stem.ogg,P,incorrect,3689,138,stemC,5,2,new,absent
p36,27.39,0,m,4.04,V3_staAre,2,V3_stemComp,4,08S_stem.ogg,Q,incorrect,4774,138,stemC,5,3,new,present
p36,27.39,1,m,4.04,V3_staAre,2,V3_stemComp,5,23S_stem.ogg,P,correct,2323,139,stemC,5,4,familiar,present
p36,27.39,0,m,4.04,V3_staAre,2,V3_stemComp,6,11S_stem.ogg,Q,incorrect,3617,139,stemC,5,5,familiar,present
p36,27.39,0,m,4.04,V3_staAre,2,V3_stemComp,7,26S_stem.ogg,Q,incorrect,5974,139,stemC,5,6,new,present
p36,27.39,0,m,4.04,V3_staAre,2,V3_stemComp,8,01P_stem.ogg,P,incorrect,4944,139,stemC,5,7,familiar,absent
p36,27.39,1,m,4.04,V3_staAre,2,V3_stemComp,9,04S_stem.ogg,P,correct,6056,140,stemC,5,8,familiar,present
p36,27.39,0,m,4.04,V3_staAre,2,V3_stemComp,10,22S_stem.ogg,Q,incorrect,4267,140,stemC,5,9,new,present
p36,27.39,1,m,4.04,V3_staAre,2,V3_stemComp,11,17P_stem.ogg,Q,correct,4801,141,stemC,5,10,new,absent
p36,27.39,1,m,4.04,V3_staAre,2,V3_stemComp,12,14P_stem.ogg,Q,correct,2773,142,stemC,5,11,familiar,absent
p36,27.39,0,m,4.04,V3_staAre,2,V3_stemComp,13,02S_stem.ogg,Q,incorrect,5927,142,stemC,5,12,familiar,present
p36,27.39,0,m,4.04,V3_staAre,2,V3_stemComp,14,07P_stem.ogg,P,incorrect,3632,142,stemC,5,13,familiar,absent
p36,27.39,1,m,4.04,V3_staAre,2,V3_stemComp,15,31S_stem.ogg,P,correct,1,143,stemC,5,14,new,present
p36,27.39,1,m,4.04,V3_staAre,2,V3_stemComp,16,28P_stem.ogg,Q,correct,7839,144,stemC,5,15,new,absent
p36,27.39,1,m,4.04,V3_staAre,2,V3_stemComp,17,25P_stem.ogg,Q,correct,4902,145,stemC,5,16,familiar,absent
p38,27.96,1,f,6.79,V2_puoAre,2,V2_stemComp,2,22P_stem.ogg,P,correct,7185,137,stemC,5,1,new,present
p38,27.96,0,f,6.79,V2_puoAre,2,V2_stemComp,3,31S_stem.ogg,P,incorrect,3857,137,stemC,5,2,new,absent
p38,27.96,0,f,6.79,V2_puoAre,2,V2_stemComp,4,17P_stem.ogg,Q,incorrect,5131,137,stemC,5,3,new,present
p38,27.96,0,f,6.79,V2_puoAre,2,V2_stemComp,5,25S_stem.ogg,P,incorrect,3696,137,stemC,5,4,familiar,absent
p38,27.96,0,f,6.79,V2_puoAre,2,V2_stemComp,6,02S_stem.ogg,P,incorrect,7026,137,stemC,5,5,familiar,absent
p38,27.96,0,f,6.79,V2_puoAre,2,V2_stemComp,7,11P_stem.ogg,Q,incorrect,3585,137,stemC,5,6,familiar,present
p38,27.96,0,f,6.79,V2_puoAre,2,V2_stemComp,8,03S_stem.ogg,P,incorrect,3566,137,stemC,5,7,new,absent
p38,27.96,0,f,6.79,V2_puoAre,2,V2_stemComp,9,01P_stem.ogg,Q,incorrect,5651,137,stemC,5,8,familiar,present
p38,27.96,1,f,6.79,V2_puoAre,2,V2_stemComp,10,26P_stem.ogg,P,correct,13742,138,stemC,5,9,new,present
p38,27.96,1,f,6.79,V2_puoAre,2,V2_stemComp,11,28P_stem.ogg,P,correct,4158,139,stemC,5,10,new,present
p38,27.96,0,f,6.79,V2_puoAre,2,V2_stemComp,12,04S_stem.ogg,P,incorrect,6941,139,stemC,5,11,familiar,absent
p38,27.96,0,f,6.79,V2_puoAre,2,V2_stemComp,13,07P_stem.ogg,Q,incorrect,3295,139,stemC,5,12,familiar,present
p38,27.96,1,f,6.79,V2_puoAre,2,V2_stemComp,14,23P_stem.ogg,P,correct,6084,140,stemC,5,13,familiar,present
p38,27.96,0,f,6.79,V2_puoAre,2,V2_stemComp,15,06S_stem.ogg,P,incorrect,6173,140,stemC,5,14,new,absent
p38,27.96,0,f,6.79,V2_puoAre,2,V2_stemComp,16,08S_stem.ogg,P,incorrect,3606,140,stemC,5,15,new,absent
p38,27.96,1,f,6.79,V2_puoAre,2,V2_stemComp,17,14S_stem.ogg,Q,correct,5968,141,stemC,5,16,familiar,absent
p39,28.89,1,m,6.97,V3_staAre,2,V3_stemComp,2,06P_stem.ogg,Q,correct,6499,111,stemC,5,1,new,absent
p39,28.89,1,m,6.97,V3_staAre,2,V3_stemComp,3,03P_stem.ogg,Q,correct,7527,112,stemC,5,2,new,absent
p39,28.89,1,m,6.97,V3_staAre,2,V3_stemComp,4,08S_stem.ogg,P,correct,4188,113,stemC,5,3,new,present
p39,28.89,0,m,6.97,V3_staAre,2,V3_stemComp,5,23S_stem.ogg,Q,incorrect,4873,113,stemC,5,4,familiar,present
p39,28.89,1,m,6.97,V3_staAre,2,V3_stemComp,6,11S_stem.ogg,P,correct,4330,114,stemC,5,5,familiar,present
p39,28.89,0,m,6.97,V3_staAre,2,V3_stemComp,7,26S_stem.ogg,Q,incorrect,4327,114,stemC,5,6,new,present
p39,28.89,0,m,6.97,V3_staAre,2,V3_stemComp,8,01P_stem.ogg,P,incorrect,4237,114,stemC,5,7,familiar,absent
p39,28.89,0,m,6.97,V3_staAre,2,V3_stemComp,9,04S_stem.ogg,Q,incorrect,3244,114,stemC,5,8,familiar,present
p39,28.89,1,m,6.97,V3_staAre,2,V3_stemComp,10,22S_stem.ogg,P,correct,5185,115,stemC,5,9,new,present
p39,28.89,1,m,6.97,V3_staAre,2,V3_stemComp,11,17P_stem.ogg,Q,correct,3730,116,stemC,5,10,new,absent
p39,28.89,0,m,6.97,V3_staAre,2,V3_stemComp,12,14P_stem.ogg,P,incorrect,2816,116,stemC,5,11,familiar,absent
p39,28.89,0,m,6.97,V3_staAre,2,V3_stemComp,13,02S_stem.ogg,Q,incorrect,1590,116,stemC,5,12,familiar,present
p39,28.89,0,m,6.97,V3_staAre,2,V3_stemComp,14,07P_stem.ogg,P,incorrect,1337,116,stemC,5,13,familiar,absent
p39,28.89,0,m,6.97,V3_staAre,2,V3_stemComp,15,31S_stem.ogg,Q,incorrect,1686,116,stemC,5,14,new,present
p39,28.89,0,m,6.97,V3_staAre,2,V3_stemComp,16,28P_stem.ogg,P,incorrect,1756,116,stemC,5,15,new,absent
p39,28.89,1,m,6.97,V3_staAre,2,V3_stemComp,17,25P_stem.ogg,Q,correct,1979,117,stemC,5,16,familiar,absent
p42,19.27,1,f,6.48,V2_puoAre,2,V2_stemComp,2,22P_stem.ogg,P,correct,4685,121,stemC,5,1,new,present
p42,19.27,1,f,6.48,V2_puoAre,2,V2_stemComp,3,31S_stem.ogg,Q,correct,2849,122,stemC,5,2,new,absent
p42,19.27,0,f,6.48,V2_puoAre,2,V2_stemComp,4,17P_stem.ogg,Q,incorrect,2198,122,stemC,5,3,new,present
p42,19.27,0,f,6.48,V2_puoAre,2,V2_stemComp,5,25S_stem.ogg,P,incorrect,1878,122,stemC,5,4,familiar,absent
p42,19.27,0,f,6.48,V2_puoAre,2,V2_stemComp,6,02S_stem.ogg,P,incorrect,3514,122,stemC,5,5,familiar,absent
p42,19.27,1,f,6.48,V2_puoAre,2,V2_stemComp,7,11P_stem.ogg,P,correct,3109,123,stemC,5,6,familiar,present
p42,19.27,1,f,6.48,V2_puoAre,2,V2_stemComp,8,03S_stem.ogg,Q,correct,3562,124,stemC,5,7,new,absent
p42,19.27,1,f,6.48,V2_puoAre,2,V2_stemComp,9,01P_stem.ogg,P,correct,2325,125,stemC,5,8,familiar,present
p42,19.27,0,f,6.48,V2_puoAre,2,V2_stemComp,10,26P_stem.ogg,Q,incorrect,3551,125,stemC,5,9,new,present
p42,19.27,0,f,6.48,V2_puoAre,2,V2_stemComp,11,28P_stem.ogg,Q,incorrect,2436,125,stemC,5,10,new,present
p42,19.27,1,f,6.48,V2_puoAre,2,V2_stemComp,12,04S_stem.ogg,Q,correct,2858,126,stemC,5,11,familiar,absent
p42,19.27,0,f,6.48,V2_puoAre,2,V2_stemComp,13,07P_stem.ogg,Q,incorrect,3214,126,stemC,5,12,familiar,present
p42,19.27,1,f,6.48,V2_puoAre,2,V2_stemComp,14,23P_stem.ogg,P,correct,2245,127,stemC,5,13,familiar,present
p42,19.27,1,f,6.48,V2_puoAre,2,V2_stemComp,15,06S_stem.ogg,Q,correct,3487,128,stemC,5,14,new,absent
p42,19.27,1,f,6.48,V2_puoAre,2,V2_stemComp,16,08S_stem.ogg,Q,correct,3223,129,stemC,5,15,new,absent
p42,19.27,1,f,6.48,V2_puoAre,2,V2_stemComp,17,14S_stem.ogg,Q,correct,5627,130,stemC,5,16,familiar,absent
p43,30.94,0,f,5.83,V1_puoAndo,2,V1_stemComp,2,25S_stem.ogg,P,incorrect,5239,149,stemC,5,1,familiar,absent
p43,30.94,0,f,5.83,V1_puoAndo,2,V1_stemComp,3,22P_stem.ogg,Q,incorrect,2685,149,stemC,5,2,new,present
p43,30.94,1,f,5.83,V1_puoAndo,2,V1_stemComp,4,26P_stem.ogg,P,correct,2757,150,stemC,5,3,new,present
p43,30.94,1,f,5.83,V1_puoAndo,2,V1_stemComp,5,28S_stem.ogg,Q,correct,2704,151,stemC,5,4,new,absent
p43,30.94,1,f,5.83,V1_puoAndo,2,V1_stemComp,6,08P_stem.ogg,P,correct,3000,152,stemC,5,5,new,present
p43,30.94,1,f,5.83,V1_puoAndo,2,V1_stemComp,7,11P_stem.ogg,P,correct,2570,153,stemC,5,6,familiar,present
p43,30.94,0,f,5.83,V1_puoAndo,2,V1_stemComp,8,06S_stem.ogg,P,incorrect,3317,153,stemC,5,7,new,absent
p43,30.94,0,f,5.83,V1_puoAndo,2,V1_stemComp,9,03S_stem.ogg,P,incorrect,3393,153,stemC,5,8,new,absent
p43,30.94,1,f,5.83,V1_puoAndo,2,V1_stemComp,10,04P_stem.ogg,P,correct,2389,154,stemC,5,9,familiar,present
p43,30.94,0,f,5.83,V1_puoAndo,2,V1_stemComp,11,07P_stem.ogg,Q,incorrect,3810,154,stemC,5,10,familiar,present
p43,30.94,0,f,5.83,V1_puoAndo,2,V1_stemComp,12,02S_stem.ogg,P,incorrect,2506,154,stemC,5,11,familiar,absent
p43,30.94,1,f,5.83,V1_puoAndo,2,V1_stemComp,13,17S_stem.ogg,Q,correct,6927,155,stemC,5,12,new,absent
p43,30.94,1,f,5.83,V1_puoAndo,2,V1_stemComp,14,31P_stem.ogg,P,correct,2237,156,stemC,5,13,new,present
p43,30.94,0,f,5.83,V1_puoAndo,2,V1_stemComp,15,14S_stem.ogg,P,incorrect,2966,156,stemC,5,14,familiar,absent
p43,30.94,1,f,5.83,V1_puoAndo,2,V1_stemComp,16,01P_stem.ogg,P,correct,2294,157,stemC,5,15,familiar,present
p43,30.94,0,f,5.83,V1_puoAndo,2,V1_stemComp,17,23S_stem.ogg,P,incorrect,2289,157,stemC,5,16,familiar,absent
p45,18.52,1,m,6.16,V1_puoAndo,2,V1_stemComp,2,25S_stem.ogg,Q,correct,7313,104,stemC,5,1,familiar,absent
p45,18.52,1,m,6.16,V1_puoAndo,2,V1_stemComp,3,22P_stem.ogg,P,correct,2012,105,stemC,5,2,new,present
p45,18.52,0,m,6.16,V1_puoAndo,2,V1_stemComp,4,26P_stem.ogg,Q,incorrect,1620,105,stemC,5,3,new,present
p45,18.52,0,m,6.16,V1_puoAndo,2,V1_stemComp,5,28S_stem.ogg,P,incorrect,1793,105,stemC,5,4,new,absent
p45,18.52,0,m,6.16,V1_puoAndo,2,V1_stemComp,6,08P_stem.ogg,Q,incorrect,1211,105,stemC,5,5,new,present
p45,18.52,1,m,6.16,V1_puoAndo,2,V1_stemComp,7,11P_stem.ogg,P,correct,1490,106,stemC,5,6,familiar,present
p45,18.52,1,m,6.16,V1_puoAndo,2,V1_stemComp,8,06S_stem.ogg,Q,correct,1305,107,stemC,5,7,new,absent
p45,18.52,0,m,6.16,V1_puoAndo,2,V1_stemComp,9,03S_stem.ogg,P,incorrect,998,107,stemC,5,8,new,absent
p45,18.52,0,m,6.16,V1_puoAndo,2,V1_stemComp,10,04P_stem.ogg,Q,incorrect,777,107,stemC,5,9,familiar,present
p45,18.52,1,m,6.16,V1_puoAndo,2,V1_stemComp,11,07P_stem.ogg,P,correct,58,108,stemC,5,10,familiar,present
p45,18.52,1,m,6.16,V1_puoAndo,2,V1_stemComp,12,02S_stem.ogg,Q,correct,1313,109,stemC,5,11,familiar,absent
p45,18.52,0,m,6.16,V1_puoAndo,2,V1_stemComp,13,17S_stem.ogg,P,incorrect,1314,109,stemC,5,12,new,absent
p45,18.52,0,m,6.16,V1_puoAndo,2,V1_stemComp,14,31P_stem.ogg,Q,incorrect,1464,109,stemC,5,13,new,present
p45,18.52,0,m,6.16,V1_puoAndo,2,V1_stemComp,15,14S_stem.ogg,P,incorrect,1503,109,stemC,5,14,familiar,absent
p45,18.52,0,m,6.16,V1_puoAndo,2,V1_stemComp,16,01P_stem.ogg,Q,incorrect,1265,109,stemC,5,15,familiar,present
p45,18.52,0,m,6.16,V1_puoAndo,2,V1_stemComp,17,23S_stem.ogg,P,incorrect,1335,109,stemC,5,16,familiar,absent
p46,21.19,1,m,6.75,V2_puoAre,2,V2_stemComp,2,22P_stem.ogg,P,correct,5607,153,stemC,5,1,new,present
p46,21.19,1,m,6.75,V2_puoAre,2,V2_stemComp,3,31S_stem.ogg,Q,correct,3528,154,stemC,5,2,new,absent
p46,21.19,1,m,6.75,V2_puoAre,2,V2_stemComp,4,17P_stem.ogg,P,correct,2573,155,stemC,5,3,new,present
p46,21.19,0,m,6.75,V2_puoAre,2,V2_stemComp,5,25S_stem.ogg,P,incorrect,2369,155,stemC,5,4,familiar,absent
p46,21.19,0,m,6.75,V2_puoAre,2,V2_stemComp,6,02S_stem.ogg,P,incorrect,2687,155,stemC,5,5,familiar,absent
p46,21.19,1,m,6.75,V2_puoAre,2,V2_stemComp,7,11P_stem.ogg,P,correct,4342,156,stemC,5,6,familiar,present
p46,21.19,0,m,6.75,V2_puoAre,2,V2_stemComp,8,03S_stem.ogg,P,incorrect,3402,156,stemC,5,7,new,absent
p46,21.19,1,m,6.75,V2_puoAre,2,V2_stemComp,9,01P_stem.ogg,P,correct,5205,157,stemC,5,8,familiar,present
p46,21.19,1,m,6.75,V2_puoAre,2,V2_stemComp,10,26P_stem.ogg,P,correct,3222,158,stemC,5,9,new,present
p46,21.19,1,m,6.75,V2_puoAre,2,V2_stemComp,11,28P_stem.ogg,P,correct,2589,159,stemC,5,10,new,present
p46,21.19,0,m,6.75,V2_puoAre,2,V2_stemComp,12,04S_stem.ogg,P,incorrect,4564,159,stemC,5,11,familiar,absent
p46,21.19,0,m,6.75,V2_puoAre,2,V2_stemComp,13,07P_stem.ogg,Q,incorrect,4424,159,stemC,5,12,familiar,present
p46,21.19,1,m,6.75,V2_puoAre,2,V2_stemComp,14,23P_stem.ogg,P,correct,5161,160,stemC,5,13,familiar,present
p46,21.19,1,m,6.75,V2_puoAre,2,V2_stemComp,15,06S_stem.ogg,Q,correct,5004,161,stemC,5,14,new,absent
p46,21.19,0,m,6.75,V2_puoAre,2,V2_stemComp,16,08S_stem.ogg,P,incorrect,4232,161,stemC,5,15,new,absent
p46,21.19,1,m,6.75,V2_puoAre,2,V2_stemComp,17,14S_stem.ogg,Q,correct,4403,162,stemC,5,16,familiar,absent
p51,20.29,0,m,6.26,V4_staAndo,2,V4_stemComp,2,04S_stem.ogg,Q,incorrect,9850,123,stemC,5,1,familiar,present
p51,20.29,0,m,6.26,V4_staAndo,2,V4_stemComp,3,26S_stem.ogg,Q,incorrect,3185,123,stemC,5,2,new,present
p51,20.29,0,m,6.26,V4_staAndo,2,V4_stemComp,4,23P_stem.ogg,P,incorrect,2960,123,stemC,5,3,familiar,absent
p51,20.29,0,m,6.26,V4_staAndo,2,V4_stemComp,5,02S_stem.ogg,Q,incorrect,2052,123,stemC,5,4,familiar,present
p51,20.29,0,m,6.26,V4_staAndo,2,V4_stemComp,6,14P_stem.ogg,P,incorrect,1927,123,stemC,5,5,familiar,absent
p51,20.29,0,m,6.26,V4_staAndo,2,V4_stemComp,7,08S_stem.ogg,Q,incorrect,3471,123,stemC,5,6,new,present
p51,20.29,1,m,6.26,V4_staAndo,2,V4_stemComp,8,17S_stem.ogg,P,correct,2477,124,stemC,5,7,new,present
p51,20.29,0,m,6.26,V4_staAndo,2,V4_stemComp,9,06P_stem.ogg,P,incorrect,2829,124,stemC,5,8,new,absent
p51,20.29,1,m,6.26,V4_staAndo,2,V4_stemComp,10,25S_stem.ogg,P,correct,2177,125,stemC,5,9,familiar,present
p51,20.29,0,m,6.26,V4_staAndo,2,V4_stemComp,11,28P_stem.ogg,P,incorrect,2429,125,stemC,5,10,new,absent
p51,20.29,0,m,6.26,V4_staAndo,2,V4_stemComp,12,07P_stem.ogg,P,incorrect,1751,125,stemC,5,11,familiar,absent
p51,20.29,0,m,6.26,V4_staAndo,2,V4_stemComp,13,22S_stem.ogg,Q,incorrect,1625,125,stemC,5,12,new,present
p51,20.29,0,m,6.26,V4_staAndo,2,V4_stemComp,14,01P_stem.ogg,P,incorrect,5262,125,stemC,5,13,familiar,absent
p51,20.29,1,m,6.26,V4_staAndo,2,V4_stemComp,15,03P_stem.ogg,Q,correct,2932,126,stemC,5,14,new,absent
p51,20.29,0,m,6.26,V4_staAndo,2,V4_stemComp,16,11S_stem.ogg,Q,incorrect,2358,126,stemC,5,15,familiar,present
p51,20.29,0,m,6.26,V4_staAndo,2,V4_stemComp,17,31P_stem.ogg,P,incorrect,2043,126,stemC,5,16,new,absent
p52,21.78,0,m,5.52,V1_puoAndo,2,V1_stemComp,2,25S_stem.ogg,P,incorrect,5064,154,stemC,5,1,familiar,absent
p52,21.78,1,m,5.52,V1_puoAndo,2,V1_stemComp,3,22P_stem.ogg,P,correct,3427,155,stemC,5,2,new,present
p52,21.78,0,m,5.52,V1_puoAndo,2,V1_stemComp,4,26P_stem.ogg,Q,incorrect,5519,155,stemC,5,3,new,present
p52,21.78,0,m,5.52,V1_puoAndo,2,V1_stemComp,5,28S_stem.ogg,P,incorrect,2870,155,stemC,5,4,new,absent
p52,21.78,0,m,5.52,V1_puoAndo,2,V1_stemComp,6,08P_stem.ogg,Q,incorrect,2341,155,stemC,5,5,new,present
p52,21.78,1,m,5.52,V1_puoAndo,2,V1_stemComp,7,11P_stem.ogg,P,correct,3217,156,stemC,5,6,familiar,present
p52,21.78,1,m,5.52,V1_puoAndo,2,V1_stemComp,8,06S_stem.ogg,Q,correct,2255,157,stemC,5,7,new,absent
p52,21.78,0,m,5.52,V1_puoAndo,2,V1_stemComp,9,03S_stem.ogg,P,incorrect,2511,157,stemC,5,8,new,absent
p52,21.78,0,m,5.52,V1_puoAndo,2,V1_stemComp,10,04P_stem.ogg,Q,incorrect,1749,157,stemC,5,9,familiar,present
p52,21.78,1,m,5.52,V1_puoAndo,2,V1_stemComp,11,07P_stem.ogg,P,correct,2205,158,stemC,5,10,familiar,present
p52,21.78,1,m,5.52,V1_puoAndo,2,V1_stemComp,12,02S_stem.ogg,Q,correct,1875,159,stemC,5,11,familiar,absent
p52,21.78,0,m,5.52,V1_puoAndo,2,V1_stemComp,13,17S_stem.ogg,P,incorrect,2515,159,stemC,5,12,new,absent
p52,21.78,0,m,5.52,V1_puoAndo,2,V1_stemComp,14,31P_stem.ogg,Q,incorrect,1480,159,stemC,5,13,new,present
p52,21.78,1,m,5.52,V1_puoAndo,2,V1_stemComp,15,14S_stem.ogg,Q,correct,3487,160,stemC,5,14,familiar,absent
p52,21.78,1,m,5.52,V1_puoAndo,2,V1_stemComp,16,01P_stem.ogg,P,correct,2230,161,stemC,5,15,familiar,present
p52,21.78,1,m,5.52,V1_puoAndo,2,V1_stemComp,17,23S_stem.ogg,Q,correct,2782,162,stemC,5,16,familiar,absent
p53,19.11,1,m,4.77,V3_staAre,2,V3_stemComp,2,06P_stem.ogg,Q,correct,5964,115,stemC,5,1,new,absent
p53,19.11,1,m,4.77,V3_staAre,2,V3_stemComp,3,03P_stem.ogg,Q,correct,6027,116,stemC,5,2,new,absent
p53,19.11,1,m,4.77,V3_staAre,2,V3_stemComp,4,08S_stem.ogg,P,correct,3650,117,stemC,5,3,new,present
p53,19.11,1,m,4.77,V3_staAre,2,V3_stemComp,5,23S_stem.ogg,P,correct,3032,118,stemC,5,4,familiar,present
p53,19.11,1,m,4.77,V3_staAre,2,V3_stemComp,6,11S_stem.ogg,P,correct,6776,119,stemC,5,5,familiar,present
p53,19.11,1,m,4.77,V3_staAre,2,V3_stemComp,7,26S_stem.ogg,P,correct,3672,120,stemC,5,6,new,present
p53,19.11,0,m,4.77,V3_staAre,2,V3_stemComp,8,01P_stem.ogg,P,incorrect,2812,120,stemC,5,7,familiar,absent
p53,19.11,1,m,4.77,V3_staAre,2,V3_stemComp,9,04S_stem.ogg,P,correct,2879,121,stemC,5,8,familiar,present
p53,19.11,1,m,4.77,V3_staAre,2,V3_stemComp,10,22S_stem.ogg,P,correct,2812,122,stemC,5,9,new,present
p53,19.11,0,m,4.77,V3_staAre,2,V3_stemComp,11,17P_stem.ogg,P,incorrect,2463,122,stemC,5,10,new,absent
p53,19.11,0,m,4.77,V3_staAre,2,V3_stemComp,12,14P_stem.ogg,P,incorrect,2691,122,stemC,5,11,familiar,absent
p53,19.11,1,m,4.77,V3_staAre,2,V3_stemComp,13,02S_stem.ogg,P,correct,2889,123,stemC,5,12,familiar,present
p53,19.11,1,m,4.77,V3_staAre,2,V3_stemComp,14,07P_stem.ogg,Q,correct,3228,124,stemC,5,13,familiar,absent
p53,19.11,1,m,4.77,V3_staAre,2,V3_stemComp,15,31S_stem.ogg,P,correct,2554,125,stemC,5,14,new,present
p53,19.11,1,m,4.77,V3_staAre,2,V3_stemComp,16,28P_stem.ogg,Q,correct,4496,126,stemC,5,15,new,absent
p53,19.11,0,m,4.77,V3_staAre,2,V3_stemComp,17,25P_stem.ogg,P,incorrect,4751,126,stemC,5,16,familiar,absent
p54,23.25,1,f,7.35,V3_staAre,2,V3_stemComp,2,06P_stem.ogg,Q,correct,4086,152,stemC,5,1,new,absent
p54,23.25,0,f,7.35,V3_staAre,2,V3_stemComp,3,03P_stem.ogg,P,incorrect,3532,152,stemC,5,2,new,absent
p54,23.25,1,f,7.35,V3_staAre,2,V3_stemComp,4,08S_stem.ogg,P,correct,3644,153,stemC,5,3,new,present
p54,23.25,1,f,7.35,V3_staAre,2,V3_stemComp,5,23S_stem.ogg,P,correct,2935,154,stemC,5,4,familiar,present
p54,23.25,0,f,7.35,V3_staAre,2,V3_stemComp,6,11S_stem.ogg,Q,incorrect,3403,154,stemC,5,5,familiar,present
p54,23.25,0,f,7.35,V3_staAre,2,V3_stemComp,7,26S_stem.ogg,Q,incorrect,6935,154,stemC,5,6,new,present
p54,23.25,1,f,7.35,V3_staAre,2,V3_stemComp,8,01P_stem.ogg,Q,correct,10368,155,stemC,5,7,familiar,absent
p54,23.25,0,f,7.35,V3_staAre,2,V3_stemComp,9,04S_stem.ogg,Q,incorrect,3645,155,stemC,5,8,familiar,present
p54,23.25,1,f,7.35,V3_staAre,2,V3_stemComp,10,22S_stem.ogg,P,correct,3505,156,stemC,5,9,new,present
p54,23.25,0,f,7.35,V3_staAre,2,V3_stemComp,11,17P_stem.ogg,P,incorrect,2790,156,stemC,5,10,new,absent
p54,23.25,0,f,7.35,V3_staAre,2,V3_stemComp,12,14P_stem.ogg,P,incorrect,9241,156,stemC,5,11,familiar,absent
p54,23.25,0,f,7.35,V3_staAre,2,V3_stemComp,13,02S_stem.ogg,Q,incorrect,8630,156,stemC,5,12,familiar,present
p54,23.25,1,f,7.35,V3_staAre,2,V3_stemComp,14,07P_stem.ogg,Q,correct,8607,157,stemC,5,13,familiar,absent
p54,23.25,1,f,7.35,V3_staAre,2,V3_stemComp,15,31S_stem.ogg,P,correct,3008,158,stemC,5,14,new,present
p54,23.25,0,f,7.35,V3_staAre,2,V3_stemComp,16,28P_stem.ogg,P,incorrect,2192,158,stemC,5,15,new,absent
p54,23.25,0,f,7.35,V3_staAre,2,V3_stemComp,17,25P_stem.ogg,P,incorrect,6193,158,stemC,5,16,familiar,absent
p55,18.59,0,f,4.44,V2_puoAre,2,V2_stemComp,2,22P_stem.ogg,Q,incorrect,2746,118,stemC,5,1,new,present
p55,18.59,0,f,4.44,V2_puoAre,2,V2_stemComp,3,31S_stem.ogg,P,incorrect,1697,118,stemC,5,2,new,absent
p55,18.59,0,f,4.44,V2_puoAre,2,V2_stemComp,4,17P_stem.ogg,Q,incorrect,2175,118,stemC,5,3,new,present
p55,18.59,0,f,4.44,V2_puoAre,2,V2_stemComp,5,25S_stem.ogg,P,incorrect,1528,118,stemC,5,4,familiar,absent
p55,18.59,0,f,4.44,V2_puoAre,2,V2_stemComp,6,02S_stem.ogg,P,incorrect,1240,118,stemC,5,5,familiar,absent
p55,18.59,0,f,4.44,V2_puoAre,2,V2_stemComp,7,11P_stem.ogg,Q,incorrect,1651,118,stemC,5,6,familiar,present
p55,18.59,1,f,4.44,V2_puoAre,2,V2_stemComp,8,03S_stem.ogg,Q,correct,1773,119,stemC,5,7,new,absent
p55,18.59,1,f,4.44,V2_puoAre,2,V2_stemComp,9,01P_stem.ogg,P,correct,823,120,stemC,5,8,familiar,present
p55,18.59,0,f,4.44,V2_puoAre,2,V2_stemComp,10,26P_stem.ogg,Q,incorrect,531,120,stemC,5,9,new,present
p55,18.59,0,f,4.44,V2_puoAre,2,V2_stemComp,11,28P_stem.ogg,Q,incorrect,456,120,stemC,5,10,new,present
p55,18.59,0,f,4.44,V2_puoAre,2,V2_stemComp,12,04S_stem.ogg,P,incorrect,556,120,stemC,5,11,familiar,absent
p55,18.59,0,f,4.44,V2_puoAre,2,V2_stemComp,13,07P_stem.ogg,Q,incorrect,439,120,stemC,5,12,familiar,present
p55,18.59,1,f,4.44,V2_puoAre,2,V2_stemComp,14,23P_stem.ogg,P,correct,531,121,stemC,5,13,familiar,present
p55,18.59,0,f,4.44,V2_puoAre,2,V2_stemComp,15,06S_stem.ogg,P,incorrect,139,121,stemC,5,14,new,absent
p55,18.59,0,f,4.44,V2_puoAre,2,V2_stemComp,16,08S_stem.ogg,P,incorrect,528,121,stemC,5,15,new,absent
p55,18.59,1,f,4.44,V2_puoAre,2,V2_stemComp,17,14S_stem.ogg,Q,correct,441,122,stemC,5,16,familiar,absent
p57,19.97,0,f,6.9,V1_puoAndo,2,V1_stemComp,2,25S_stem.ogg,P,incorrect,4296,155,stemC,5,1,familiar,absent
p57,19.97,0,f,6.9,V1_puoAndo,2,V1_stemComp,3,22P_stem.ogg,Q,incorrect,3958,155,stemC,5,2,new,present
p57,19.97,1,f,6.9,V1_puoAndo,2,V1_stemComp,4,26P_stem.ogg,P,correct,3233,156,stemC,5,3,new,present
p57,19.97,0,f,6.9,V1_puoAndo,2,V1_stemComp,5,28S_stem.ogg,P,incorrect,4139,156,stemC,5,4,new,absent
p57,19.97,1,f,6.9,V1_puoAndo,2,V1_stemComp,6,08P_stem.ogg,P,correct,3275,157,stemC,5,5,new,present
p57,19.97,0,f,6.9,V1_puoAndo,2,V1_stemComp,7,11P_stem.ogg,Q,incorrect,8588,157,stemC,5,6,familiar,present
p57,19.97,1,f,6.9,V1_puoAndo,2,V1_stemComp,8,06S_stem.ogg,Q,correct,8614,158,stemC,5,7,new,absent
p57,19.97,1,f,6.9,V1_puoAndo,2,V1_stemComp,9,03S_stem.ogg,Q,correct,5081,159,stemC,5,8,new,absent
p57,19.97,1,f,6.9,V1_puoAndo,2,V1_stemComp,10,04P_stem.ogg,P,correct,2446,160,stemC,5,9,familiar,present
p57,19.97,1,f,6.9,V1_puoAndo,2,V1_stemComp,11,07P_stem.ogg,P,correct,2933,161,stemC,5,10,familiar,present
p57,19.97,1,f,6.9,V1_puoAndo,2,V1_stemComp,12,02S_stem.ogg,Q,correct,2825,162,stemC,5,11,familiar,absent
p57,19.97,0,f,6.9,V1_puoAndo,2,V1_stemComp,13,17S_stem.ogg,P,incorrect,11223,162,stemC,5,12,new,absent
p57,19.97,1,f,6.9,V1_puoAndo,2,V1_stemComp,14,31P_stem.ogg,P,correct,3034,163,stemC,5,13,new,present
p57,19.97,1,f,6.9,V1_puoAndo,2,V1_stemComp,15,14S_stem.ogg,Q,correct,2844,164,stemC,5,14,familiar,absent
p57,19.97,1,f,6.9,V1_puoAndo,2,V1_stemComp,16,01P_stem.ogg,P,correct,4909,165,stemC,5,15,familiar,present
p57,19.97,0,f,6.9,V1_puoAndo,2,V1_stemComp,17,23S_stem.ogg,P,incorrect,6549,165,stemC,5,16,familiar,absent
p59,,1,f,4.18,V4_staAndo,2,V4_stemComp,2,04S_stem.ogg,P,correct,5556,156,stemC,5,1,familiar,present
p59,,0,f,4.18,V4_staAndo,2,V4_stemComp,3,26S_stem.ogg,Q,incorrect,5113,156,stemC,5,2,new,present
p59,,1,f,4.18,V4_staAndo,2,V4_stemComp,4,23P_stem.ogg,Q,correct,3871,157,stemC,5,3,familiar,absent
p59,,1,f,4.18,V4_staAndo,2,V4_stemComp,5,02S_stem.ogg,P,correct,3359,158,stemC,5,4,familiar,present
p59,,1,f,4.18,V4_staAndo,2,V4_stemComp,6,14P_stem.ogg,Q,correct,5191,159,stemC,5,5,familiar,absent
p59,,1,f,4.18,V4_staAndo,2,V4_stemComp,7,08S_stem.ogg,P,correct,5842,160,stemC,5,6,new,present
p59,,0,f,4.18,V4_staAndo,2,V4_stemComp,8,17S_stem.ogg,Q,incorrect,4709,160,stemC,5,7,new,present
p59,,1,f,4.18,V4_staAndo,2,V4_stemComp,9,06P_stem.ogg,Q,correct,6011,161,stemC,5,8,new,absent
p59,,1,f,4.18,V4_staAndo,2,V4_stemComp,10,25S_stem.ogg,P,correct,5304,162,stemC,5,9,familiar,present
p59,,1,f,4.18,V4_staAndo,2,V4_stemComp,11,28P_stem.ogg,Q,correct,4739,163,stemC,5,10,new,absent
p59,,0,f,4.18,V4_staAndo,2,V4_stemComp,12,07P_stem.ogg,P,incorrect,3721,163,stemC,5,11,familiar,absent
p59,,1,f,4.18,V4_staAndo,2,V4_stemComp,13,22S_stem.ogg,P,correct,4650,164,stemC,5,12,new,present
p59,,0,f,4.18,V4_staAndo,2,V4_stemComp,14,01P_stem.ogg,P,incorrect,4074,164,stemC,5,13,familiar,absent
p59,,0,f,4.18,V4_staAndo,2,V4_stemComp,15,03P_stem.ogg,P,incorrect,3551,164,stemC,5,14,new,absent
p59,,1,f,4.18,V4_staAndo,2,V4_stemComp,16,11S_stem.ogg,P,correct,4599,165,stemC,5,15,familiar,present
p62,46.99,1,m,3.7,V1_puoAndo,2,V1_stemComp,2,25S_stem.ogg,Q,correct,23584,119,stemC,5,1,familiar,absent
p62,46.99,1,m,3.7,V1_puoAndo,2,V1_stemComp,3,22P_stem.ogg,P,correct,8240,120,stemC,5,2,new,present
p62,46.99,1,m,3.7,V1_puoAndo,2,V1_stemComp,4,26P_stem.ogg,P,correct,7525,121,stemC,5,3,new,present
p62,46.99,1,m,3.7,V1_puoAndo,2,V1_stemComp,5,28S_stem.ogg,Q,correct,10095,122,stemC,5,4,new,absent
p62,46.99,1,m,3.7,V1_puoAndo,2,V1_stemComp,6,08P_stem.ogg,P,correct,8104,123,stemC,5,5,new,present
p62,46.99,0,m,3.7,V1_puoAndo,2,V1_stemComp,7,11P_stem.ogg,Q,incorrect,19422,123,stemC,5,6,familiar,present
p62,46.99,0,m,3.7,V1_puoAndo,2,V1_stemComp,8,06S_stem.ogg,P,incorrect,8406,123,stemC,5,7,new,absent
p62,46.99,0,m,3.7,V1_puoAndo,2,V1_stemComp,9,03S_stem.ogg,P,incorrect,7949,123,stemC,5,8,new,absent
p62,46.99,1,m,3.7,V1_puoAndo,2,V1_stemComp,10,04P_stem.ogg,P,correct,4739,124,stemC,5,9,familiar,present
p62,46.99,1,m,3.7,V1_puoAndo,2,V1_stemComp,11,07P_stem.ogg,P,correct,16597,125,stemC,5,10,familiar,present
p62,46.99,0,m,3.7,V1_puoAndo,2,V1_stemComp,12,02S_stem.ogg,P,incorrect,7340,125,stemC,5,11,familiar,absent
p62,46.99,0,m,3.7,V1_puoAndo,2,V1_stemComp,13,17S_stem.ogg,P,incorrect,9292,125,stemC,5,12,new,absent
p62,46.99,1,m,3.7,V1_puoAndo,2,V1_stemComp,14,31P_stem.ogg,P,correct,5267,126,stemC,5,13,new,present
p62,46.99,0,m,3.7,V1_puoAndo,2,V1_stemComp,15,14S_stem.ogg,P,incorrect,9272,126,stemC,5,14,familiar,absent
p62,46.99,1,m,3.7,V1_puoAndo,2,V1_stemComp,16,01P_stem.ogg,P,correct,11562,127,stemC,5,15,familiar,present
p62,46.99,1,m,3.7,V1_puoAndo,2,V1_stemComp,17,23S_stem.ogg,Q,correct,6656,128,stemC,5,16,familiar,absent
p64,25.59,0,f,6.83,V3_staAre,2,V3_stemComp,2,06P_stem.ogg,P,incorrect,4584,135,stemC,5,1,new,absent
p64,25.59,1,f,6.83,V3_staAre,2,V3_stemComp,3,03P_stem.ogg,Q,correct,3269,136,stemC,5,2,new,absent
p64,25.59,1,f,6.83,V3_staAre,2,V3_stemComp,4,08S_stem.ogg,P,correct,2557,137,stemC,5,3,new,present
p64,25.59,0,f,6.83,V3_staAre,2,V3_stemComp,5,23S_stem.ogg,Q,incorrect,2882,137,stemC,5,4,familiar,present
p64,25.59,1,f,6.83,V3_staAre,2,V3_stemComp,6,11S_stem.ogg,P,correct,2648,138,stemC,5,5,familiar,present
p64,25.59,0,f,6.83,V3_staAre,2,V3_stemComp,7,26S_stem.ogg,Q,incorrect,3921,138,stemC,5,6,new,present
p64,25.59,0,f,6.83,V3_staAre,2,V3_stemComp,8,01P_stem.ogg,P,incorrect,3123,138,stemC,5,7,familiar,absent
p64,25.59,0,f,6.83,V3_staAre,2,V3_stemComp,9,04S_stem.ogg,Q,incorrect,3334,138,stemC,5,8,familiar,present
p64,25.59,1,f,6.83,V3_staAre,2,V3_stemComp,10,22S_stem.ogg,P,correct,3257,139,stemC,5,9,new,present
p64,25.59,1,f,6.83,V3_staAre,2,V3_stemComp,11,17P_stem.ogg,Q,correct,3427,140,stemC,5,10,new,absent
p64,25.59,0,f,6.83,V3_staAre,2,V3_stemComp,12,14P_stem.ogg,P,incorrect,2721,140,stemC,5,11,familiar,absent
p64,25.59,0,f,6.83,V3_staAre,2,V3_stemComp,13,02S_stem.ogg,Q,incorrect,4151,140,stemC,5,12,familiar,present
p64,25.59,1,f,6.83,V3_staAre,2,V3_stemComp,14,07P_stem.ogg,Q,correct,3996,141,stemC,5,13,familiar,absent
p64,25.59,1,f,6.83,V3_staAre,2,V3_stemComp,15,31S_stem.ogg,P,correct,3324,142,stemC,5,14,new,present
p64,25.59,1,f,6.83,V3_staAre,2,V3_stemComp,16,28P_stem.ogg,Q,correct,3568,143,stemC,5,15,new,absent
p64,25.59,0,f,6.83,V3_staAre,2,V3_stemComp,17,25P_stem.ogg,P,incorrect,4135,143,stemC,5,16,familiar,absent
p67,21.86,1,m,5.16,V2_puoAre,2,V2_stemComp,2,22P_stem.ogg,P,correct,6366,107,stemC,5,1,new,present
p67,21.86,1,m,5.16,V2_puoAre,2,V2_stemComp,3,31S_stem.ogg,Q,correct,2423,108,stemC,5,2,new,absent
p67,21.86,1,m,5.16,V2_puoAre,2,V2_stemComp,4,17P_stem.ogg,P,correct,1514,109,stemC,5,3,new,present
p67,21.86,1,m,5.16,V2_puoAre,2,V2_stemComp,5,25S_stem.ogg,Q,correct,1666,110,stemC,5,4,familiar,absent
p67,21.86,0,m,5.16,V2_puoAre,2,V2_stemComp,6,02S_stem.ogg,P,incorrect,1436,110,stemC,5,5,familiar,absent
p67,21.86,0,m,5.16,V2_puoAre,2,V2_stemComp,7,11P_stem.ogg,Q,incorrect,6632,110,stemC,5,6,familiar,present
p67,21.86,0,m,5.16,V2_puoAre,2,V2_stemComp,8,03S_stem.ogg,P,incorrect,2056,110,stemC,5,7,new,absent
p67,21.86,0,m,5.16,V2_puoAre,2,V2_stemComp,9,01P_stem.ogg,Q,incorrect,2670,110,stemC,5,8,familiar,present
p67,21.86,1,m,5.16,V2_puoAre,2,V2_stemComp,10,26P_stem.ogg,P,correct,2156,111,stemC,5,9,new,present
p67,21.86,1,m,5.16,V2_puoAre,2,V2_stemComp,11,28P_stem.ogg,P,correct,3,112,stemC,5,10,new,present
p67,21.86,1,m,5.16,V2_puoAre,2,V2_stemComp,12,04S_stem.ogg,Q,correct,155,113,stemC,5,11,familiar,absent
p67,21.86,1,m,5.16,V2_puoAre,2,V2_stemComp,13,07P_stem.ogg,P,correct,760,114,stemC,5,12,familiar,present
p67,21.86,0,m,5.16,V2_puoAre,2,V2_stemComp,14,23P_stem.ogg,Q,incorrect,2987,114,stemC,5,13,familiar,present
p67,21.86,1,m,5.16,V2_puoAre,2,V2_stemComp,15,06S_stem.ogg,Q,correct,17870,115,stemC,5,14,new,absent
p67,21.86,0,m,5.16,V2_puoAre,2,V2_stemComp,16,08S_stem.ogg,P,incorrect,7327,115,stemC,5,15,new,absent
p67,21.86,0,m,5.16,V2_puoAre,2,V2_stemComp,17,14S_stem.ogg,P,incorrect,19454,115,stemC,5,16,familiar,absent
p69,21.83,1,f,5.59,V3_staAre,2,V3_stemComp,2,06P_stem.ogg,Q,correct,2796,134,stemC,5,1,new,absent
p69,21.83,0,f,5.59,V3_staAre,2,V3_stemComp,3,03P_stem.ogg,P,incorrect,7108,134,stemC,5,2,new,absent
p69,21.83,1,f,5.59,V3_staAre,2,V3_stemComp,4,08S_stem.ogg,P,correct,2653,135,stemC,5,3,new,present
p69,21.83,0,f,5.59,V3_staAre,2,V3_stemComp,5,23S_stem.ogg,Q,incorrect,7058,135,stemC,5,4,familiar,present
p69,21.83,1,f,5.59,V3_staAre,2,V3_stemComp,6,11S_stem.ogg,P,correct,4469,136,stemC,5,5,familiar,present
p69,21.83,0,f,5.59,V3_staAre,2,V3_stemComp,7,26S_stem.ogg,Q,incorrect,2249,136,stemC,5,6,new,present
p69,21.83,0,f,5.59,V3_staAre,2,V3_stemComp,8,01P_stem.ogg,P,incorrect,1270,136,stemC,5,7,familiar,absent
p69,21.83,1,f,5.59,V3_staAre,2,V3_stemComp,9,04S_stem.ogg,P,correct,3643,137,stemC,5,8,familiar,present
p69,21.83,0,f,5.59,V3_staAre,2,V3_stemComp,10,22S_stem.ogg,Q,incorrect,2229,137,stemC,5,9,new,present
p69,21.83,0,f,5.59,V3_staAre,2,V3_stemComp,11,17P_stem.ogg,P,incorrect,1364,137,stemC,5,10,new,absent
p69,21.83,0,f,5.59,V3_staAre,2,V3_stemComp,12,14P_stem.ogg,P,incorrect,1226,137,stemC,5,11,familiar,absent
p69,21.83,0,f,5.59,V3_staAre,2,V3_stemComp,13,02S_stem.ogg,Q,incorrect,9713,137,stemC,5,12,familiar,present
p69,21.83,1,f,5.59,V3_staAre,2,V3_stemComp,14,07P_stem.ogg,Q,correct,3139,138,stemC,5,13,familiar,absent
p69,21.83,1,f,5.59,V3_staAre,2,V3_stemComp,15,31S_stem.ogg,P,correct,922,139,stemC,5,14,new,present
p69,21.83,1,f,5.59,V3_staAre,2,V3_stemComp,16,28P_stem.ogg,Q,correct,6543,140,stemC,5,15,new,absent
p69,21.83,1,f,5.59,V3_staAre,2,V3_stemComp,17,25P_stem.ogg,Q,correct,3432,141,stemC,5,16,familiar,absent
p70,27.27,0,f,4.59,V4_staAndo,2,V4_stemComp,2,04S_stem.ogg,Q,incorrect,10797,132,stemC,5,1,familiar,present
p70,27.27,0,f,4.59,V4_staAndo,2,V4_stemComp,3,26S_stem.ogg,Q,incorrect,11320,132,stemC,5,2,new,present
p70,27.27,0,f,4.59,V4_staAndo,2,V4_stemComp,4,23P_stem.ogg,P,incorrect,11181,132,stemC,5,3,familiar,absent
p70,27.27,0,f,4.59,V4_staAndo,2,V4_stemComp,5,02S_stem.ogg,Q,incorrect,24387,132,stemC,5,4,familiar,present
p70,27.27,0,f,4.59,V4_staAndo,2,V4_stemComp,6,14P_stem.ogg,P,incorrect,11584,132,stemC,5,5,familiar,absent
p70,27.27,0,f,4.59,V4_staAndo,2,V4_stemComp,7,08S_stem.ogg,Q,incorrect,8244,132,stemC,5,6,new,present
p70,27.27,1,f,4.59,V4_staAndo,2,V4_stemComp,8,17S_stem.ogg,P,correct,2885,133,stemC,5,7,new,present
p70,27.27,1,f,4.59,V4_staAndo,2,V4_stemComp,9,06P_stem.ogg,Q,correct,2661,134,stemC,5,8,new,absent
p70,27.27,1,f,4.59,V4_staAndo,2,V4_stemComp,10,25S_stem.ogg,P,correct,2721,135,stemC,5,9,familiar,present
p70,27.27,1,f,4.59,V4_staAndo,2,V4_stemComp,11,28P_stem.ogg,Q,correct,2736,136,stemC,5,10,new,absent
p70,27.27,0,f,4.59,V4_staAndo,2,V4_stemComp,12,07P_stem.ogg,P,incorrect,2589,136,stemC,5,11,familiar,absent
p70,27.27,0,f,4.59,V4_staAndo,2,V4_stemComp,13,22S_stem.ogg,Q,incorrect,3049,136,stemC,5,12,new,present
p70,27.27,0,f,4.59,V4_staAndo,2,V4_stemComp,14,01P_stem.ogg,P,incorrect,2899,136,stemC,5,13,familiar,absent
p70,27.27,0,f,4.59,V4_staAndo,2,V4_stemComp,15,03P_stem.ogg,P,incorrect,2854,136,stemC,5,14,new,absent
p70,27.27,1,f,4.59,V4_staAndo,2,V4_stemComp,16,11S_stem.ogg,P,correct,7420,137,stemC,5,15,familiar,present
p70,27.27,0,f,4.59,V4_staAndo,2,V4_stemComp,17,31P_stem.ogg,P,incorrect,7203,137,stemC,5,16,new,absent
p72,21.43,1,m,7.13,V4_staAndo,2,V4_stemComp,2,04S_stem.ogg,P,correct,7767,161,stemC,5,1,familiar,present
p72,21.43,1,m,7.13,V4_staAndo,2,V4_stemComp,3,26S_stem.ogg,P,correct,6581,162,stemC,5,2,new,present
p72,21.43,0,m,7.13,V4_staAndo,2,V4_stemComp,4,23P_stem.ogg,P,incorrect,8424,162,stemC,5,3,familiar,absent
p72,21.43,0,m,7.13,V4_staAndo,2,V4_stemComp,5,02S_stem.ogg,Q,incorrect,3053,162,stemC,5,4,familiar,present
p72,21.43,1,m,7.13,V4_staAndo,2,V4_stemComp,6,14P_stem.ogg,Q,correct,2795,163,stemC,5,5,familiar,absent
p72,21.43,0,m,7.13,V4_staAndo,2,V4_stemComp,7,08S_stem.ogg,Q,incorrect,2717,163,stemC,5,6,new,present
p72,21.43,0,m,7.13,V4_staAndo,2,V4_stemComp,8,17S_stem.ogg,Q,incorrect,2899,163,stemC,5,7,new,present
p72,21.43,1,m,7.13,V4_staAndo,2,V4_stemComp,9,06P_stem.ogg,Q,correct,3468,164,stemC,5,8,new,absent
p72,21.43,1,m,7.13,V4_staAndo,2,V4_stemComp,10,25S_stem.ogg,P,correct,5316,165,stemC,5,9,familiar,present
p72,21.43,0,m,7.13,V4_staAndo,2,V4_stemComp,11,28P_stem.ogg,P,incorrect,2964,165,stemC,5,10,new,absent
p72,21.43,0,m,7.13,V4_staAndo,2,V4_stemComp,12,07P_stem.ogg,P,incorrect,5604,165,stemC,5,11,familiar,absent
p72,21.43,0,m,7.13,V4_staAndo,2,V4_stemComp,13,22S_stem.ogg,Q,incorrect,2449,165,stemC,5,12,new,present
p72,21.43,1,m,7.13,V4_staAndo,2,V4_stemComp,14,01P_stem.ogg,Q,correct,3498,166,stemC,5,13,familiar,absent
p72,21.43,1,m,7.13,V4_staAndo,2,V4_stemComp,15,03P_stem.ogg,Q,correct,3007,167,stemC,5,14,new,absent
p72,21.43,1,m,7.13,V4_staAndo,2,V4_stemComp,16,11S_stem.ogg,P,correct,5148,168,stemC,5,15,familiar,present
p72,21.43,0,m,7.13,V4_staAndo,2,V4_stemComp,17,31P_stem.ogg,P,incorrect,3897,168,stemC,5,16,new,absent
p73,21.25,1,f,4.01,V1_puoAndo,2,V1_stemComp,2,25S_stem.ogg,Q,correct,5751,149,stemC,5,1,familiar,absent
p73,21.25,1,f,4.01,V1_puoAndo,2,V1_stemComp,3,22P_stem.ogg,P,correct,6114,150,stemC,5,2,new,present
p73,21.25,0,f,4.01,V1_puoAndo,2,V1_stemComp,4,26P_stem.ogg,Q,incorrect,4064,150,stemC,5,3,new,present
p73,21.25,0,f,4.01,V1_puoAndo,2,V1_stemComp,5,28S_stem.ogg,P,incorrect,3230,150,stemC,5,4,new,absent
p73,21.25,1,f,4.01,V1_puoAndo,2,V1_stemComp,6,08P_stem.ogg,P,correct,2984,151,stemC,5,5,new,present
p73,21.25,1,f,4.01,V1_puoAndo,2,V1_stemComp,7,11P_stem.ogg,P,correct,2707,152,stemC,5,6,familiar,present
p73,21.25,0,f,4.01,V1_puoAndo,2,V1_stemComp,8,06S_stem.ogg,P,incorrect,3580,152,stemC,5,7,new,absent
p73,21.25,0,f,4.01,V1_puoAndo,2,V1_stemComp,9,03S_stem.ogg,P,incorrect,4253,152,stemC,5,8,new,absent
p73,21.25,1,f,4.01,V1_puoAndo,2,V1_stemComp,10,04P_stem.ogg,P,correct,3146,153,stemC,5,9,familiar,present
p73,21.25,0,f,4.01,V1_puoAndo,2,V1_stemComp,11,07P_stem.ogg,Q,incorrect,2763,153,stemC,5,10,familiar,present
p73,21.25,0,f,4.01,V1_puoAndo,2,V1_stemComp,12,02S_stem.ogg,P,incorrect,2694,153,stemC,5,11,familiar,absent
p73,21.25,1,f,4.01,V1_puoAndo,2,V1_stemComp,13,17S_stem.ogg,Q,correct,3118,154,stemC,5,12,new,absent
p73,21.25,1,f,4.01,V1_puoAndo,2,V1_stemComp,14,31P_stem.ogg,P,correct,2741,155,stemC,5,13,new,present
p73,21.25,1,f,4.01,V1_puoAndo,2,V1_stemComp,15,14S_stem.ogg,Q,correct,3895,156,stemC,5,14,familiar,absent
p73,21.25,0,f,4.01,V1_puoAndo,2,V1_stemComp,16,01P_stem.ogg,Q,incorrect,1951,156,stemC,5,15,familiar,present
p73,21.25,0,f,4.01,V1_puoAndo,2,V1_stemComp,17,23S_stem.ogg,P,incorrect,2049,156,stemC,5,16,familiar,absent
p74,17.7,1,m,6.09,V1_puoAndo,2,V1_stemComp,2,25S_stem.ogg,Q,correct,3675,136,stemC,5,1,familiar,absent
p74,17.7,1,m,6.09,V1_puoAndo,2,V1_stemComp,3,22P_stem.ogg,P,correct,1643,137,stemC,5,2,new,present
p74,17.7,0,m,6.09,V1_puoAndo,2,V1_stemComp,4,26P_stem.ogg,Q,incorrect,2078,137,stemC,5,3,new,present
p74,17.7,1,m,6.09,V1_puoAndo,2,V1_stemComp,5,28S_stem.ogg,Q,correct,3500,138,stemC,5,4,new,absent
p74,17.7,1,m,6.09,V1_puoAndo,2,V1_stemComp,6,08P_stem.ogg,P,correct,1770,139,stemC,5,5,new,present
p74,17.7,1,m,6.09,V1_puoAndo,2,V1_stemComp,7,11P_stem.ogg,P,correct,6775,140,stemC,5,6,familiar,present
p74,17.7,1,m,6.09,V1_puoAndo,2,V1_stemComp,8,06S_stem.ogg,Q,correct,4260,141,stemC,5,7,new,absent
p74,17.7,0,m,6.09,V1_puoAndo,2,V1_stemComp,9,03S_stem.ogg,P,incorrect,2521,141,stemC,5,8,new,absent
p74,17.7,1,m,6.09,V1_puoAndo,2,V1_stemComp,10,04P_stem.ogg,P,correct,2456,142,stemC,5,9,familiar,present
p74,17.7,0,m,6.09,V1_puoAndo,2,V1_stemComp,11,07P_stem.ogg,Q,incorrect,1968,142,stemC,5,10,familiar,present
p74,17.7,0,m,6.09,V1_puoAndo,2,V1_stemComp,12,02S_stem.ogg,P,incorrect,2827,142,stemC,5,11,familiar,absent
p74,17.7,1,m,6.09,V1_puoAndo,2,V1_stemComp,13,17S_stem.ogg,Q,correct,3147,143,stemC,5,12,new,absent
p74,17.7,0,m,6.09,V1_puoAndo,2,V1_stemComp,14,31P_stem.ogg,Q,incorrect,4,143,stemC,5,13,new,present
p74,17.7,1,m,6.09,V1_puoAndo,2,V1_stemComp,15,14S_stem.ogg,Q,correct,955,144,stemC,5,14,familiar,absent
p74,17.7,1,m,6.09,V1_puoAndo,2,V1_stemComp,16,01P_stem.ogg,P,correct,1970,145,stemC,5,15,familiar,present
p74,17.7,1,m,6.09,V1_puoAndo,2,V1_stemComp,17,23S_stem.ogg,Q,correct,1656,146,stemC,5,16,familiar,absent
p76,,1,f,5.95,V2_puoAre,2,V2_stemComp,2,22P_stem.ogg,P,correct,5782,109,stemC,5,1,new,present
p76,,1,f,5.95,V2_puoAre,2,V2_stemComp,3,31S_stem.ogg,Q,correct,2522,110,stemC,5,2,new,absent
p76,,1,f,5.95,V2_puoAre,2,V2_stemComp,4,17P_stem.ogg,P,correct,1948,111,stemC,5,3,new,present
p76,,0,f,5.95,V2_puoAre,2,V2_stemComp,5,25S_stem.ogg,P,incorrect,2095,111,stemC,5,4,familiar,absent
p76,,1,f,5.95,V2_puoAre,2,V2_stemComp,6,02S_stem.ogg,Q,correct,2465,112,stemC,5,5,familiar,absent
p76,,1,f,5.95,V2_puoAre,2,V2_stemComp,7,11P_stem.ogg,P,correct,2247,113,stemC,5,6,familiar,present
p76,,1,f,5.95,V2_puoAre,2,V2_stemComp,8,03S_stem.ogg,Q,correct,1470,114,stemC,5,7,new,absent
p76,,1,f,5.95,V2_puoAre,2,V2_stemComp,9,01P_stem.ogg,P,correct,3024,115,stemC,5,8,familiar,present
p76,,0,f,5.95,V2_puoAre,2,V2_stemComp,10,26P_stem.ogg,Q,incorrect,2218,115,stemC,5,9,new,present
p76,,1,f,5.95,V2_puoAre,2,V2_stemComp,11,28P_stem.ogg,P,correct,1863,116,stemC,5,10,new,present
p76,,1,f,5.95,V2_puoAre,2,V2_stemComp,12,04S_stem.ogg,Q,correct,2791,117,stemC,5,11,familiar,absent
p76,,0,f,5.95,V2_puoAre,2,V2_stemComp,13,07P_stem.ogg,Q,incorrect,3081,117,stemC,5,12,familiar,present
p76,,1,f,5.95,V2_puoAre,2,V2_stemComp,14,23P_stem.ogg,P,correct,3031,118,stemC,5,13,familiar,present
p76,,0,f,5.95,V2_puoAre,2,V2_stemComp,15,06S_stem.ogg,P,incorrect,3007,118,stemC,5,14,new,absent
p76,,1,f,5.95,V2_puoAre,2,V2_stemComp,16,08S_stem.ogg,Q,correct,1947,119,stemC,5,15,new,absent
p76,,0,f,5.95,V2_puoAre,2,V2_stemComp,17,14S_stem.ogg,P,incorrect,2401,119,stemC,5,16,familiar,absent
p77,17.55,1,m,8.04,V4_staAndo,2,V4_stemComp,2,04S_stem.ogg,P,correct,2874,150,stemC,5,1,familiar,present
p77,17.55,1,m,8.04,V4_staAndo,2,V4_stemComp,3,26S_stem.ogg,P,correct,2553,151,stemC,5,2,new,present
p77,17.55,0,m,8.04,V4_staAndo,2,V4_stemComp,4,23P_stem.ogg,P,incorrect,2875,151,stemC,5,3,familiar,absent
p77,17.55,1,m,8.04,V4_staAndo,2,V4_stemComp,5,02S_stem.ogg,P,correct,2408,152,stemC,5,4,familiar,present
p77,17.55,1,m,8.04,V4_staAndo,2,V4_stemComp,6,14P_stem.ogg,Q,correct,2270,153,stemC,5,5,familiar,absent
p77,17.55,1,m,8.04,V4_staAndo,2,V4_stemComp,7,08S_stem.ogg,P,correct,2079,154,stemC,5,6,new,present
p77,17.55,0,m,8.04,V4_staAndo,2,V4_stemComp,8,17S_stem.ogg,Q,incorrect,2410,154,stemC,5,7,new,present
p77,17.55,0,m,8.04,V4_staAndo,2,V4_stemComp,9,06P_stem.ogg,P,incorrect,1682,154,stemC,5,8,new,absent
p77,17.55,1,m,8.04,V4_staAndo,2,V4_stemComp,10,25S_stem.ogg,P,correct,1634,155,stemC,5,9,familiar,present
p77,17.55,0,m,8.04,V4_staAndo,2,V4_stemComp,11,28P_stem.ogg,P,incorrect,2612,155,stemC,5,10,new,absent
p77,17.55,1,m,8.04,V4_staAndo,2,V4_stemComp,12,07P_stem.ogg,Q,correct,2514,156,stemC,5,11,familiar,absent
p77,17.55,1,m,8.04,V4_staAndo,2,V4_stemComp,13,22S_stem.ogg,P,correct,1532,157,stemC,5,12,new,present
p77,17.55,1,m,8.04,V4_staAndo,2,V4_stemComp,14,01P_stem.ogg,Q,correct,1687,158,stemC,5,13,familiar,absent
p77,17.55,1,m,8.04,V4_staAndo,2,V4_stemComp,15,03P_stem.ogg,Q,correct,2383,159,stemC,5,14,new,absent
p77,17.55,1,m,8.04,V4_staAndo,2,V4_stemComp,16,11S_stem.ogg,P,correct,1826,160,stemC,5,15,familiar,present
p77,17.55,0,m,8.04,V4_staAndo,2,V4_stemComp,17,31P_stem.ogg,P,incorrect,1776,160,stemC,5,16,new,absent
p78,166.35,0,f,6.87,V1_puoAndo,2,V1_stemComp,2,25S_stem.ogg,P,incorrect,2926,111,stemC,5,1,familiar,absent
p78,166.35,0,f,6.87,V1_puoAndo,2,V1_stemComp,3,22P_stem.ogg,Q,incorrect,1797,111,stemC,5,2,new,present
p78,166.35,1,f,6.87,V1_puoAndo,2,V1_stemComp,4,26P_stem.ogg,P,correct,2591,112,stemC,5,3,new,present
p78,166.35,0,f,6.87,V1_puoAndo,2,V1_stemComp,5,28S_stem.ogg,P,incorrect,2941,112,stemC,5,4,new,absent
p78,166.35,1,f,6.87,V1_puoAndo,2,V1_stemComp,6,08P_stem.ogg,P,correct,2508,113,stemC,5,5,new,present
p78,166.35,0,f,6.87,V1_puoAndo,2,V1_stemComp,7,11P_stem.ogg,Q,incorrect,2114,113,stemC,5,6,familiar,present
p78,166.35,1,f,6.87,V1_puoAndo,2,V1_stemComp,8,06S_stem.ogg,Q,correct,2785,114,stemC,5,7,new,absent
p78,166.35,0,f,6.87,V1_puoAndo,2,V1_stemComp,9,03S_stem.ogg,P,incorrect,2287,114,stemC,5,8,new,absent
p78,166.35,0,f,6.87,V1_puoAndo,2,V1_stemComp,10,04P_stem.ogg,Q,incorrect,2184,114,stemC,5,9,familiar,present
p78,166.35,1,f,6.87,V1_puoAndo,2,V1_stemComp,11,07P_stem.ogg,P,correct,1759,115,stemC,5,10,familiar,present
p78,166.35,0,f,6.87,V1_puoAndo,2,V1_stemComp,12,02S_stem.ogg,P,incorrect,2208,115,stemC,5,11,familiar,absent
p78,166.35,0,f,6.87,V1_puoAndo,2,V1_stemComp,13,17S_stem.ogg,P,incorrect,1976,115,stemC,5,12,new,absent
p78,166.35,0,f,6.87,V1_puoAndo,2,V1_stemComp,14,31P_stem.ogg,Q,incorrect,1538,115,stemC,5,13,new,present
p78,166.35,1,f,6.87,V1_puoAndo,2,V1_stemComp,15,14S_stem.ogg,Q,correct,2717,116,stemC,5,14,familiar,absent
p78,166.35,1,f,6.87,V1_puoAndo,2,V1_stemComp,16,01P_stem.ogg,P,correct,2174,117,stemC,5,15,familiar,present
p78,166.35,0,f,6.87,V1_puoAndo,2,V1_stemComp,17,23S_stem.ogg,NA,incorrect,4168,117,stemC,5,16,familiar,absent
p79,19.71,1,f,7.37,V3_staAre,2,V3_stemComp,2,06P_stem.ogg,Q,correct,2702,135,stemC,5,1,new,absent
p79,19.71,1,f,7.37,V3_staAre,2,V3_stemComp,3,03P_stem.ogg,Q,correct,3779,136,stemC,5,2,new,absent
p79,19.71,0,f,7.37,V3_staAre,2,V3_stemComp,4,08S_stem.ogg,Q,incorrect,3254,136,stemC,5,3,new,present
p79,19.71,1,f,7.37,V3_staAre,2,V3_stemComp,5,23S_stem.ogg,P,correct,2836,137,stemC,5,4,familiar,present
p79,19.71,1,f,7.37,V3_staAre,2,V3_stemComp,6,11S_stem.ogg,P,correct,3945,138,stemC,5,5,familiar,present
p79,19.71,1,f,7.37,V3_staAre,2,V3_stemComp,7,26S_stem.ogg,P,correct,3179,139,stemC,5,6,new,present
p79,19.71,0,f,7.37,V3_staAre,2,V3_stemComp,8,01P_stem.ogg,P,incorrect,6349,139,stemC,5,7,familiar,absent
p79,19.71,0,f,7.37,V3_staAre,2,V3_stemComp,9,04S_stem.ogg,Q,incorrect,3383,139,stemC,5,8,familiar,present
p79,19.71,1,f,7.37,V3_staAre,2,V3_stemComp,10,22S_stem.ogg,P,correct,2973,140,stemC,5,9,new,present
p79,19.71,0,f,7.37,V3_staAre,2,V3_stemComp,11,17P_stem.ogg,P,incorrect,3040,140,stemC,5,10,new,absent
p79,19.71,0,f,7.37,V3_staAre,2,V3_stemComp,12,14P_stem.ogg,P,incorrect,2572,140,stemC,5,11,familiar,absent
p79,19.71,0,f,7.37,V3_staAre,2,V3_stemComp,13,02S_stem.ogg,Q,incorrect,8855,140,stemC,5,12,familiar,present
p79,19.71,0,f,7.37,V3_staAre,2,V3_stemComp,14,07P_stem.ogg,P,incorrect,2825,140,stemC,5,13,familiar,absent
p79,19.71,1,f,7.37,V3_staAre,2,V3_stemComp,15,31S_stem.ogg,P,correct,2179,141,stemC,5,14,new,present
p79,19.71,0,f,7.37,V3_staAre,2,V3_stemComp,16,28P_stem.ogg,P,incorrect,1876,141,stemC,5,15,new,absent
p79,19.71,0,f,7.37,V3_staAre,2,V3_stemComp,17,25P_stem.ogg,P,incorrect,1971,141,stemC,5,16,familiar,absent
p82,20.51,1,m,7.38,V1_puoAndo,2,V1_stemComp,2,25S_stem.ogg,Q,correct,2980,113,stemC,5,1,familiar,absent
p82,20.51,1,m,7.38,V1_puoAndo,2,V1_stemComp,3,22P_stem.ogg,P,correct,1854,114,stemC,5,2,new,present
p82,20.51,0,m,7.38,V1_puoAndo,2,V1_stemComp,4,26P_stem.ogg,Q,incorrect,1896,114,stemC,5,3,new,present
p82,20.51,0,m,7.38,V1_puoAndo,2,V1_stemComp,5,28S_stem.ogg,P,incorrect,1955,114,stemC,5,4,new,absent
p82,20.51,1,m,7.38,V1_puoAndo,2,V1_stemComp,6,08P_stem.ogg,P,correct,1676,115,stemC,5,5,new,present
p82,20.51,0,m,7.38,V1_puoAndo,2,V1_stemComp,7,11P_stem.ogg,Q,incorrect,1940,115,stemC,5,6,familiar,present
p82,20.51,0,m,7.38,V1_puoAndo,2,V1_stemComp,8,06S_stem.ogg,P,incorrect,2030,115,stemC,5,7,new,absent
p82,20.51,1,m,7.38,V1_puoAndo,2,V1_stemComp,9,03S_stem.ogg,Q,correct,1958,116,stemC,5,8,new,absent
p82,20.51,1,m,7.38,V1_puoAndo,2,V1_stemComp,10,04P_stem.ogg,P,correct,1708,117,stemC,5,9,familiar,present
p82,20.51,1,m,7.38,V1_puoAndo,2,V1_stemComp,11,07P_stem.ogg,P,correct,2736,118,stemC,5,10,familiar,present
p82,20.51,0,m,7.38,V1_puoAndo,2,V1_stemComp,12,02S_stem.ogg,P,incorrect,2352,118,stemC,5,11,familiar,absent
p82,20.51,1,m,7.38,V1_puoAndo,2,V1_stemComp,13,17S_stem.ogg,Q,correct,2794,119,stemC,5,12,new,absent
p82,20.51,1,m,7.38,V1_puoAndo,2,V1_stemComp,14,31P_stem.ogg,P,correct,2009,120,stemC,5,13,new,present
p82,20.51,0,m,7.38,V1_puoAndo,2,V1_stemComp,15,14S_stem.ogg,P,incorrect,2558,120,stemC,5,14,familiar,absent
p82,20.51,0,m,7.38,V1_puoAndo,2,V1_stemComp,16,01P_stem.ogg,Q,incorrect,2018,120,stemC,5,15,familiar,present
p82,20.51,0,m,7.38,V1_puoAndo,2,V1_stemComp,17,23S_stem.ogg,P,incorrect,4805,120,stemC,5,16,familiar,absent
p83,20.05,0,f,6.46,V4_staAndo,2,V4_stemComp,2,04S_stem.ogg,Q,incorrect,2517,150,stemC,5,1,familiar,present
p83,20.05,0,f,6.46,V4_staAndo,2,V4_stemComp,3,26S_stem.ogg,Q,incorrect,1981,150,stemC,5,2,new,present
p83,20.05,1,f,6.46,V4_staAndo,2,V4_stemComp,4,23P_stem.ogg,Q,correct,1838,151,stemC,5,3,familiar,absent
p83,20.05,1,f,6.46,V4_staAndo,2,V4_stemComp,5,02S_stem.ogg,P,correct,2046,152,stemC,5,4,familiar,present
p83,20.05,1,f,6.46,V4_staAndo,2,V4_stemComp,6,14P_stem.ogg,Q,correct,1913,153,stemC,5,5,familiar,absent
p83,20.05,1,f,6.46,V4_staAndo,2,V4_stemComp,7,08S_stem.ogg,P,correct,3764,154,stemC,5,6,new,present
p83,20.05,1,f,6.46,V4_staAndo,2,V4_stemComp,8,17S_stem.ogg,P,correct,1713,155,stemC,5,7,new,present
p83,20.05,1,f,6.46,V4_staAndo,2,V4_stemComp,9,06P_stem.ogg,Q,correct,2900,156,stemC,5,8,new,absent
p83,20.05,1,f,6.46,V4_staAndo,2,V4_stemComp,10,25S_stem.ogg,P,correct,2223,157,stemC,5,9,familiar,present
p83,20.05,1,f,6.46,V4_staAndo,2,V4_stemComp,11,28P_stem.ogg,Q,correct,2271,158,stemC,5,10,new,absent
p83,20.05,1,f,6.46,V4_staAndo,2,V4_stemComp,12,07P_stem.ogg,Q,correct,1471,159,stemC,5,11,familiar,absent
p83,20.05,1,f,6.46,V4_staAndo,2,V4_stemComp,13,22S_stem.ogg,P,correct,2004,160,stemC,5,12,new,present
p83,20.05,1,f,6.46,V4_staAndo,2,V4_stemComp,14,01P_stem.ogg,Q,correct,1769,161,stemC,5,13,familiar,absent
p83,20.05,0,f,6.46,V4_staAndo,2,V4_stemComp,15,03P_stem.ogg,P,incorrect,1123,161,stemC,5,14,new,absent
p83,20.05,0,f,6.46,V4_staAndo,2,V4_stemComp,16,11S_stem.ogg,Q,incorrect,629,161,stemC,5,15,familiar,present
p83,20.05,1,f,6.46,V4_staAndo,2,V4_stemComp,17,31P_stem.ogg,Q,correct,19712,162,stemC,5,16,new,absent
p84,19.56,0,f,4.47,V4_staAndo,2,V4_stemComp,2,04S_stem.ogg,Q,incorrect,3969,115,stemC,5,1,familiar,present
p84,19.56,0,f,4.47,V4_staAndo,2,V4_stemComp,3,26S_stem.ogg,Q,incorrect,3590,115,stemC,5,2,new,present
p84,19.56,1,f,4.47,V4_staAndo,2,V4_stemComp,4,23P_stem.ogg,Q,correct,1316,116,stemC,5,3,familiar,absent
p84,19.56,0,f,4.47,V4_staAndo,2,V4_stemComp,5,02S_stem.ogg,Q,incorrect,2021,116,stemC,5,4,familiar,present
p84,19.56,1,f,4.47,V4_staAndo,2,V4_stemComp,6,14P_stem.ogg,Q,correct,1597,117,stemC,5,5,familiar,absent
p84,19.56,0,f,4.47,V4_staAndo,2,V4_stemComp,7,08S_stem.ogg,Q,incorrect,1752,117,stemC,5,6,new,present
p84,19.56,0,f,4.47,V4_staAndo,2,V4_stemComp,8,17S_stem.ogg,Q,incorrect,1555,117,stemC,5,7,new,present
p84,19.56,1,f,4.47,V4_staAndo,2,V4_stemComp,9,06P_stem.ogg,Q,correct,1396,118,stemC,5,8,new,absent
p84,19.56,0,f,4.47,V4_staAndo,2,V4_stemComp,10,25S_stem.ogg,Q,incorrect,1053,118,stemC,5,9,familiar,present
p84,19.56,1,f,4.47,V4_staAndo,2,V4_stemComp,11,28P_stem.ogg,Q,correct,1365,119,stemC,5,10,new,absent
p84,19.56,1,f,4.47,V4_staAndo,2,V4_stemComp,12,07P_stem.ogg,Q,correct,576,120,stemC,5,11,familiar,absent
p84,19.56,0,f,4.47,V4_staAndo,2,V4_stemComp,13,22S_stem.ogg,Q,incorrect,597,120,stemC,5,12,new,present
p84,19.56,1,f,4.47,V4_staAndo,2,V4_stemComp,14,01P_stem.ogg,Q,correct,1919,121,stemC,5,13,familiar,absent
p84,19.56,1,f,4.47,V4_staAndo,2,V4_stemComp,15,03P_stem.ogg,Q,correct,260,122,stemC,5,14,new,absent
p84,19.56,0,f,4.47,V4_staAndo,2,V4_stemComp,16,11S_stem.ogg,Q,incorrect,1204,122,stemC,5,15,familiar,present
p84,19.56,1,f,4.47,V4_staAndo,2,V4_stemComp,17,31P_stem.ogg,Q,correct,1112,123,stemC,5,16,new,absent
p85,21.84,0,m,5.15,V1_puoAndo,2,V1_stemComp,2,25S_stem.ogg,P,incorrect,11157,109,stemC,5,1,familiar,absent
p85,21.84,0,m,5.15,V1_puoAndo,2,V1_stemComp,3,22P_stem.ogg,Q,incorrect,2654,109,stemC,5,2,new,present
p85,21.84,1,m,5.15,V1_puoAndo,2,V1_stemComp,4,26P_stem.ogg,P,correct,3491,110,stemC,5,3,new,present
p85,21.84,1,m,5.15,V1_puoAndo,2,V1_stemComp,5,28S_stem.ogg,Q,correct,3880,111,stemC,5,4,new,absent
p85,21.84,0,m,5.15,V1_puoAndo,2,V1_stemComp,6,08P_stem.ogg,Q,incorrect,2053,111,stemC,5,5,new,present
p85,21.84,1,m,5.15,V1_puoAndo,2,V1_stemComp,7,11P_stem.ogg,P,correct,2608,112,stemC,5,6,familiar,present
p85,21.84,1,m,5.15,V1_puoAndo,2,V1_stemComp,8,06S_stem.ogg,Q,correct,1976,113,stemC,5,7,new,absent
p85,21.84,0,m,5.15,V1_puoAndo,2,V1_stemComp,9,03S_stem.ogg,P,incorrect,2182,113,stemC,5,8,new,absent
p85,21.84,0,m,5.15,V1_puoAndo,2,V1_stemComp,10,04P_stem.ogg,Q,incorrect,1709,113,stemC,5,9,familiar,present
p85,21.84,1,m,5.15,V1_puoAndo,2,V1_stemComp,11,07P_stem.ogg,P,correct,1920,114,stemC,5,10,familiar,present
p85,21.84,1,m,5.15,V1_puoAndo,2,V1_stemComp,12,02S_stem.ogg,Q,correct,2317,115,stemC,5,11,familiar,absent
p85,21.84,0,m,5.15,V1_puoAndo,2,V1_stemComp,13,17S_stem.ogg,P,incorrect,2356,115,stemC,5,12,new,absent
p85,21.84,0,m,5.15,V1_puoAndo,2,V1_stemComp,14,31P_stem.ogg,Q,incorrect,2407,115,stemC,5,13,new,present
p85,21.84,0,m,5.15,V1_puoAndo,2,V1_stemComp,15,14S_stem.ogg,P,incorrect,1977,115,stemC,5,14,familiar,absent
p85,21.84,0,m,5.15,V1_puoAndo,2,V1_stemComp,16,01P_stem.ogg,Q,incorrect,1760,115,stemC,5,15,familiar,present
p85,21.84,1,m,5.15,V1_puoAndo,2,V1_stemComp,17,23S_stem.ogg,Q,correct,1710,116,stemC,5,16,familiar,absent
