old_name;new_name;Item;seg_label;seg_start;seg_end;seg_dur;item_dur;suffix_onset
01CFA.wav;01PA.wav;01PA.ogg;puo;1,18;1,441;0,262;1,367;0,914
01CFA.wav;01PA.wav;01PA.ogg;pause;1,441;1,786;0,345;1,367;0,914
01CFA.wav;01PA.wav;01PA.ogg;pass;1,786;2,093;0,307;1,367;0,914
01CFA.wav;01PA.wav;01PA.ogg;are;2,093;2,546;0,453;1,367;0,914
01CFG.wav;01SG.wav;01SG.ogg;sta;1,059;1,485;0,426;1,52;0,994
01CFG.wav;01SG.wav;01SG.ogg;pause;1,485;1,751;0,266;1,52;0,994
01CFG.wav;01SG.wav;01SG.ogg;pass;1,751;2,054;0,303;1,52;0,994
01CFG.wav;01SG.wav;01SG.ogg;ando;2,054;2,579;0,526;1,52;0,994
01NFA.wav;01PG.wav;01PG.ogg;puo;1,179;1,435;0,256;1,446;0,91
01NFA.wav;01PG.wav;01PG.ogg;pause;1,435;1,785;0,35;1,446;0,91
01NFA.wav;01PG.wav;01PG.ogg;pass;1,785;2,09;0,305;1,446;0,91
01NFA.wav;01PG.wav;01PG.ogg;ando;2,09;2,626;0,536;1,446;0,91
01NFG.wav;01SA.wav;01SA.ogg;sta;1,063;1,483;0,42;1,438;0,99
01NFG.wav;01SA.wav;01SA.ogg;pause;1,483;1,749;0,266;1,438;0,99
01NFG.wav;01SA.wav;01SA.ogg;pass;1,749;2,054;0,305;1,438;0,99
01NFG.wav;01SA.wav;01SA.ogg;are;2,054;2,501;0,448;1,438;0,99
02CFA.wav;02PA.wav;02PA.ogg;puo;1,173;1,46;0,287;1,219;0,762
02CFA.wav;02PA.wav;02PA.ogg;pause;1,46;1,679;0,219;1,219;0,762
02CFA.wav;02PA.wav;02PA.ogg;dom;1,679;1,935;0,256;1,219;0,762
02CFA.wav;02PA.wav;02PA.ogg;are;1,935;2,392;0,457;1,219;0,762
02CFG.wav;02SG.wav;02SG.ogg;sta;1,101;1,524;0,423;1,416;0,86
02CFG.wav;02SG.wav;02SG.ogg;pause;1,524;1,706;0,182;1,416;0,86
02CFG.wav;02SG.wav;02SG.ogg;dom;1,706;1,962;0,256;1,416;0,86
02CFG.wav;02SG.wav;02SG.ogg;ando;1,962;2,517;0,556;1,416;0,86
02NFA.wav;02PG.wav;02PG.ogg;puo;1,173;1,46;0,288;1,308;0,733
02NFA.wav;02PG.wav;02PG.ogg;pause;1,46;1,64;0,179;1,308;0,733
02NFA.wav;02PG.wav;02PG.ogg;dom;1,64;1,906;0,267;1,308;0,733
02NFA.wav;02PG.wav;02PG.ogg;ando;1,906;2,481;0,575;1,308;0,733
02NFG.wav;02SA.wav;02SA.ogg;sta;1,101;1,519;0,418;1,316;0,864
02NFG.wav;02SA.wav;02SA.ogg;pause;1,519;1,7;0,181;1,316;0,864
02NFG.wav;02SA.wav;02SA.ogg;dom;1,7;1,964;0,265;1,316;0,864
02NFG.wav;02SA.wav;02SA.ogg;are;1,964;2,417;0,452;1,316;0,864
03CFA.wav;03PA.wav;03PA.ogg;puo;1,172;1,457;0,285;1,331;0,88
03CFA.wav;03PA.wav;03PA.ogg;pause;1,457;1,755;0,297;1,331;0,88
03CFA.wav;03PA.wav;03PA.ogg;parl;1,755;2,053;0,298;1,331;0,88
03CFA.wav;03PA.wav;03PA.ogg;are;2,053;2,504;0,451;1,331;0,88
03CFG.wav;03SG.wav;03SG.ogg;sta;1,047;1,522;0,475;1,573;1,046
03CFG.wav;03SG.wav;03SG.ogg;pause;1,522;1,802;0,281;1,573;1,046
03CFG.wav;03SG.wav;03SG.ogg;parl;1,802;2,093;0,291;1,573;1,046
03CFG.wav;03SG.wav;03SG.ogg;ando;2,093;2,621;0,527;1,573;1,046
03NFA.wav;03PG.wav;03PG.ogg;puo;1,171;1,472;0,3;1,408;0,884
03NFA.wav;03PG.wav;03PG.ogg;pause;1,472;1,754;0,283;1,408;0,884
03NFA.wav;03PG.wav;03PG.ogg;parl;1,754;2,055;0,301;1,408;0,884
03NFA.wav;03PG.wav;03PG.ogg;ando;2,055;2,579;0,524;1,408;0,884
03NFG.wav;03SA.wav;03SA.ogg;sta;1,047;1,507;0,46;1,499;1,056
03NFG.wav;03SA.wav;03SA.ogg;pause;1,507;1,802;0,295;1,499;1,056
03NFG.wav;03SA.wav;03SA.ogg;parl;1,802;2,103;0,3;1,499;1,056
03NFG.wav;03SA.wav;03SA.ogg;are;2,103;2,545;0,443;1,499;1,056
04CFA.wav;04PA.wav;04PA.ogg;puo;1,307;1,572;0,265;1,324;0,866
04CFA.wav;04PA.wav;04PA.ogg;pause;1,572;1,843;0,27;1,324;0,866
04CFA.wav;04PA.wav;04PA.ogg;narr;1,843;2,173;0,33;1,324;0,866
04CFA.wav;04PA.wav;04PA.ogg;are;2,173;2,631;0,458;1,324;0,866
04CFG.wav;04SG.wav;04SG.ogg;sta;1,142;1,574;0,433;1,576;1,029
04CFG.wav;04SG.wav;04SG.ogg;pause;1,574;1,828;0,253;1,576;1,029
04CFG.wav;04SG.wav;04SG.ogg;narr;1,828;2,171;0,343;1,576;1,029
04CFG.wav;04SG.wav;04SG.ogg;ando;2,171;2,718;0,547;1,576;1,029
04NFA.wav;04PG.wav;04PG.ogg;puo;1,31;1,576;0,266;1,423;0,862
04NFA.wav;04PG.wav;04PG.ogg;pause;1,576;1,847;0,27;1,423;0,862
04NFA.wav;04PG.wav;04PG.ogg;narr;1,847;2,172;0,325;1,423;0,862
04NFA.wav;04PG.wav;04PG.ogg;ando;2,172;2,733;0,561;1,423;0,862
04NFG.wav;04SA.wav;04SA.ogg;sta;1,141;1,562;0,421;1,475;1,023
04NFG.wav;04SA.wav;04SA.ogg;pause;1,562;1,833;0,272;1,475;1,023
04NFG.wav;04SA.wav;04SA.ogg;narr;1,833;2,164;0,331;1,475;1,023
04NFG.wav;04SA.wav;04SA.ogg;are;2,164;2,616;0,452;1,475;1,023
05CFA.wav;05PA.wav;05PA.ogg;puo;1,234;1,503;0,27;1,329;0,857
05CFA.wav;05PA.wav;05PA.ogg;pause;1,503;1,785;0,282;1,329;0,857
05CFA.wav;05PA.wav;05PA.ogg;ball;1,785;2,09;0,305;1,329;0,857
05CFA.wav;05PA.wav;05PA.ogg;are;2,09;2,563;0,472;1,329;0,857
05CFG.wav;05SG.wav;05SG.ogg;sta;1,095;1,506;0,411;1,484;0,947
05CFG.wav;05SG.wav;05SG.ogg;pause;1,506;1,736;0,231;1,484;0,947
05CFG.wav;05SG.wav;05SG.ogg;ball;1,736;2,042;0,306;1,484;0,947
05CFG.wav;05SG.wav;05SG.ogg;ando;2,042;2,579;0,537;1,484;0,947
05NFA.wav;05PG.wav;05PG.ogg;puo;1,234;1,522;0,289;1,383;0,851
05NFA.wav;05PG.wav;05PG.ogg;pause;1,522;1,784;0,261;1,383;0,851
05NFA.wav;05PG.wav;05PG.ogg;ball;1,784;2,085;0,302;1,383;0,851
05NFA.wav;05PG.wav;05PG.ogg;ando;2,085;2,617;0,532;1,383;0,851
05NFG.wav;05SA.wav;05SA.ogg;sta;1,093;1,507;0,414;1,426;0,957
05NFG.wav;05SA.wav;05SA.ogg;pause;1,507;1,737;0,23;1,426;0,957
05NFG.wav;05SA.wav;05SA.ogg;ball;1,737;2,05;0,313;1,426;0,957
05NFG.wav;05SA.wav;05SA.ogg;are;2,05;2,519;0,469;1,426;0,957
06CFA.wav;06PA.wav;06PA.ogg;puo;1,326;1,604;0,278;1,269;0,812
06CFA.wav;06PA.wav;06PA.ogg;pause;1,604;1,81;0,206;1,269;0,812
06CFA.wav;06PA.wav;06PA.ogg;buss;1,81;2,138;0,328;1,269;0,812
06CFA.wav;06PA.wav;06PA.ogg;are;2,138;2,595;0,457;1,269;0,812
06CFG.wav;06SG.wav;06SG.ogg;sta;1,083;1,512;0,429;1,57;1,009
06CFG.wav;06SG.wav;06SG.ogg;pause;1,512;1,762;0,25;1,57;1,009
06CFG.wav;06SG.wav;06SG.ogg;buss;1,762;2,092;0,33;1,57;1,009
06CFG.wav;06SG.wav;06SG.ogg;ando;2,092;2,653;0,561;1,57;1,009
06NFA.wav;06PG.wav;06PG.ogg;puo;1,333;1,604;0,272;1,363;0,807
06NFA.wav;06PG.wav;06PG.ogg;pause;1,604;1,807;0,203;1,363;0,807
06NFA.wav;06PG.wav;06PG.ogg;buss;1,807;2,14;0,333;1,363;0,807
06NFA.wav;06PG.wav;06PG.ogg;ando;2,14;2,696;0,556;1,363;0,807
06NFG.wav;06SA.wav;06SA.ogg;sta;1,1;1,513;0,414;1,453;0,998
06NFG.wav;06SA.wav;06SA.ogg;pause;1,513;1,759;0,246;1,453;0,998
06NFG.wav;06SA.wav;06SA.ogg;buss;1,759;2,098;0,338;1,453;0,998
06NFG.wav;06SA.wav;06SA.ogg;are;2,098;2,552;0,455;1,453;0,998
07CFA.wav;07PA.wav;07PA.ogg;puo;1,244;1,555;0,311;1,443;0,95
07CFA.wav;07PA.wav;07PA.ogg;pause;1,555;1,865;0,31;1,443;0,95
07CFA.wav;07PA.wav;07PA.ogg;cant;1,865;2,193;0,328;1,443;0,95
07CFA.wav;07PA.wav;07PA.ogg;are;2,193;2,687;0,493;1,443;0,95
07CFG.wav;07SG.wav;07SG.ogg;sta;1,132;1,529;0,397;1,597;1,032
07CFG.wav;07SG.wav;07SG.ogg;pause;1,529;1,84;0,311;1,597;1,032
07CFG.wav;07SG.wav;07SG.ogg;cant;1,84;2,164;0,323;1,597;1,032
07CFG.wav;07SG.wav;07SG.ogg;ando;2,164;2,728;0,565;1,597;1,032
07NFA.wav;07PG.wav;07PG.ogg;puo;1,244;1,552;0,308;1,515;0,946
07NFA.wav;07PG.wav;07PG.ogg;pause;1,552;1,859;0,307;1,515;0,946
07NFA.wav;07PG.wav;07PG.ogg;cant;1,859;2,19;0,331;1,515;0,946
07NFA.wav;07PG.wav;07PG.ogg;ando;2,19;2,759;0,569;1,515;0,946
07NFG.wav;07SA.wav;07SA.ogg;sta;1,133;1,528;0,394;1,522;1,036
07NFG.wav;07SA.wav;07SA.ogg;pause;1,528;1,839;0,311;1,522;1,036
07NFG.wav;07SA.wav;07SA.ogg;cant;1,839;2,169;0,33;1,522;1,036
07NFG.wav;07SA.wav;07SA.ogg;are;2,169;2,656;0,486;1,522;1,036
08CFA.wav;08PA.wav;08PA.ogg;puo;1,325;1,597;0,272;1,355;0,891
08CFA.wav;08PA.wav;08PA.ogg;pause;1,597;1,866;0,269;1,355;0,891
08CFA.wav;08PA.wav;08PA.ogg;cerc;1,866;2,217;0,35;1,355;0,891
08CFA.wav;08PA.wav;08PA.ogg;are;2,217;2,68;0,464;1,355;0,891
08CFG.wav;08SG.wav;08SG.ogg;sta;1,126;1,554;0,427;1,659;1,099
08CFG.wav;08SG.wav;08SG.ogg;pause;1,554;1,88;0,326;1,659;1,099
08CFG.wav;08SG.wav;08SG.ogg;cerc;1,88;2,225;0,345;1,659;1,099
08CFG.wav;08SG.wav;08SG.ogg;ando;2,225;2,785;0,56;1,659;1,099
08NFA.wav;08PG.wav;08PG.ogg;puo;1,325;1,599;0,274;1,451;0,889
08NFA.wav;08PG.wav;08PG.ogg;pause;1,599;1,868;0,269;1,451;0,889
08NFA.wav;08PG.wav;08PG.ogg;cerc;1,868;2,214;0,345;1,451;0,889
08NFA.wav;08PG.wav;08PG.ogg;ando;2,214;2,775;0,562;1,451;0,889
08NFG.wav;08SA.wav;08SA.ogg;sta;1,129;1,551;0,422;1,561;1,097
08NFG.wav;08SA.wav;08SA.ogg;pause;1,551;1,88;0,329;1,561;1,097
08NFG.wav;08SA.wav;08SA.ogg;cerc;1,88;2,227;0,347;1,561;1,097
08NFG.wav;08SA.wav;08SA.ogg;are;2,227;2,69;0,464;1,561;1,097
09CFA.wav;09PA.wav;09PA.ogg;puo;1,208;1,485;0,278;1,254;0,821
09CFA.wav;09PA.wav;09PA.ogg;pause;1,485;1,762;0,276;1,254;0,821
09CFA.wav;09PA.wav;09PA.ogg;chiam;1,762;2,029;0,267;1,254;0,821
09CFA.wav;09PA.wav;09PA.ogg;are;2,029;2,462;0,433;1,254;0,821
09CFG.wav;09SG.wav;09SG.ogg;sta;1,104;1,49;0,386;1,504;0,948
09CFG.wav;09SG.wav;09SG.ogg;pause;1,49;1,781;0,291;1,504;0,948
09CFG.wav;09SG.wav;09SG.ogg;chiam;1,781;2,052;0,271;1,504;0,948
09CFG.wav;09SG.wav;09SG.ogg;ando;2,052;2,608;0,556;1,504;0,948
09NFA.wav;09PG.wav;09PG.ogg;puo;1,208;1,481;0,274;1,38;0,822
09NFA.wav;09PG.wav;09PG.ogg;pause;1,481;1,762;0,281;1,38;0,822
09NFA.wav;09PG.wav;09PG.ogg;chiam;1,762;2,029;0,267;1,38;0,822
09NFA.wav;09PG.wav;09PG.ogg;ando;2,029;2,588;0,558;1,38;0,822
09NFG.wav;09SA.wav;09SA.ogg;sta;1,081;1,493;0,412;1,401;0,971
09NFG.wav;09SA.wav;09SA.ogg;pause;1,493;1,781;0,289;1,401;0,971
09NFG.wav;09SA.wav;09SA.ogg;chiam;1,781;2,052;0,27;1,401;0,971
09NFG.wav;09SA.wav;09SA.ogg;are;2,052;2,482;0,43;1,401;0,971
10CFA.wav;10PA.wav;10PA.ogg;puo;1,24;1,523;0,283;1,341;0,882
10CFA.wav;10PA.wav;10PA.ogg;pause;1,523;1,8;0,277;1,341;0,882
10CFA.wav;10PA.wav;10PA.ogg;cull;1,8;2,122;0,322;1,341;0,882
10CFA.wav;10PA.wav;10PA.ogg;are;2,122;2,581;0,459;1,341;0,882
10CFG.wav;10SG.wav;10SG.ogg;sta;1,104;1,541;0,437;1,6;1,048
10CFG.wav;10SG.wav;10SG.ogg;pause;1,541;1,833;0,292;1,6;1,048
10CFG.wav;10SG.wav;10SG.ogg;cull;1,833;2,151;0,319;1,6;1,048
10CFG.wav;10SG.wav;10SG.ogg;ando;2,151;2,704;0,552;1,6;1,048
10NFA.wav;10PG.wav;10PG.ogg;puo;1,235;1,527;0,293;1,454;0,89
10NFA.wav;10PG.wav;10PG.ogg;pause;1,527;1,804;0,277;1,454;0,89
10NFA.wav;10PG.wav;10PG.ogg;cull;1,804;2,125;0,321;1,454;0,89
10NFA.wav;10PG.wav;10PG.ogg;ando;2,125;2,689;0,564;1,454;0,89
10NFG.wav;10SA.wav;10SA.ogg;sta;1,109;1,545;0,436;1,467;1,043
10NFG.wav;10SA.wav;10SA.ogg;pause;1,545;1,835;0,291;1,467;1,043
10NFG.wav;10SA.wav;10SA.ogg;cull;1,835;2,152;0,317;1,467;1,043
10NFG.wav;10SA.wav;10SA.ogg;are;2,152;2,576;0,424;1,467;1,043
11CFA.wav;11PA.wav;11PA.ogg;puo;1,297;1,568;0,271;1,343;0,902
11CFA.wav;11PA.wav;11PA.ogg;pause;1,568;1,916;0,347;1,343;0,902
11CFA.wav;11PA.wav;11PA.ogg;preg;1,916;2,199;0,284;1,343;0,902
11CFA.wav;11PA.wav;11PA.ogg;are;2,199;2,64;0,441;1,343;0,902
11CFG.wav;11SG.wav;11SG.ogg;sta;1,098;1,493;0,395;1,569;1,004
11CFG.wav;11SG.wav;11SG.ogg;pause;1,493;1,823;0,33;1,569;1,004
11CFG.wav;11SG.wav;11SG.ogg;preg;1,823;2,102;0,278;1,569;1,004
11CFG.wav;11SG.wav;11SG.ogg;ando;2,102;2,667;0,565;1,569;1,004
11NFA.wav;11PG.wav;11PG.ogg;puo;1,294;1,576;0,282;1,473;0,894
11NFA.wav;11PG.wav;11PG.ogg;pause;1,576;1,916;0,34;1,473;0,894
11NFA.wav;11PG.wav;11PG.ogg;preg;1,916;2,189;0,273;1,473;0,894
11NFA.wav;11PG.wav;11PG.ogg;ando;2,189;2,767;0,579;1,473;0,894
11NFG.wav;11SA.wav;11SA.ogg;sta;1,098;1,493;0,395;1,442;1,004
11NFG.wav;11SA.wav;11SA.ogg;pause;1,493;1,818;0,325;1,442;1,004
11NFG.wav;11SA.wav;11SA.ogg;preg;1,818;2,102;0,284;1,442;1,004
11NFG.wav;11SA.wav;11SA.ogg;are;2,102;2,54;0,438;1,442;1,004
12CFA.wav;12PA.wav;12PA.ogg;puo;1,245;1,533;0,288;1,346;0,911
12CFA.wav;12PA.wav;12PA.ogg;pause;1,533;1,809;0,276;1,346;0,911
12CFA.wav;12PA.wav;12PA.ogg;ferm;1,809;2,156;0,347;1,346;0,911
12CFA.wav;12PA.wav;12PA.ogg;are;2,156;2,591;0,435;1,346;0,911
12CFG.wav;12SG.wav;12SG.ogg;sta;1,126;1,538;0,412;1,512;0,966
12CFG.wav;12SG.wav;12SG.ogg;pause;1,538;1,748;0,21;1,512;0,966
12CFG.wav;12SG.wav;12SG.ogg;ferm;1,748;2,091;0,343;1,512;0,966
12CFG.wav;12SG.wav;12SG.ogg;ando;2,091;2,638;0,546;1,512;0,966
12NFA.wav;12PG.wav;12PG.ogg;puo;1,245;1,533;0,289;1,466;0,913
12NFA.wav;12PG.wav;12PG.ogg;pause;1,533;1,817;0,284;1,466;0,913
12NFA.wav;12PG.wav;12PG.ogg;ferm;1,817;2,158;0,341;1,466;0,913
12NFA.wav;12PG.wav;12PG.ogg;ando;2,158;2,711;0,553;1,466;0,913
12NFG.wav;12SA.wav;12SA.ogg;sta;1,133;1,537;0,404;1,386;0,961
12NFG.wav;12SA.wav;12SA.ogg;pause;1,537;1,748;0,211;1,386;0,961
12NFG.wav;12SA.wav;12SA.ogg;ferm;1,748;2,093;0,346;1,386;0,961
12NFG.wav;12SA.wav;12SA.ogg;are;2,093;2,518;0,425;1,386;0,961
13CFA.wav;13PA.wav;13PA.ogg;puo;1,269;1,531;0,262;1,377;0,933
13CFA.wav;13PA.wav;13PA.ogg;pause;1,531;1,803;0,273;1,377;0,933
13CFA.wav;13PA.wav;13PA.ogg;danz;1,803;2,201;0,398;1,377;0,933
13CFA.wav;13PA.wav;13PA.ogg;are;2,201;2,645;0,444;1,377;0,933
13CFG.wav;13SG.wav;13SG.ogg;sta;1,134;1,575;0,441;1,649;1,096
13CFG.wav;13SG.wav;13SG.ogg;pause;1,575;1,853;0,278;1,649;1,096
13CFG.wav;13SG.wav;13SG.ogg;danz;1,853;2,231;0,377;1,649;1,096
13CFG.wav;13SG.wav;13SG.ogg;ando;2,231;2,783;0,553;1,649;1,096
13NFA.wav;13PG.wav;13PG.ogg;puo;1,263;1,531;0,268;1,487;0,939
13NFA.wav;13PG.wav;13PG.ogg;pause;1,531;1,817;0,286;1,487;0,939
13NFA.wav;13PG.wav;13PG.ogg;danz;1,817;2,201;0,385;1,487;0,939
13NFA.wav;13PG.wav;13PG.ogg;ando;2,201;2,749;0,548;1,487;0,939
13NFG.wav;13SA.wav;13SA.ogg;sta;1,137;1,595;0,458;1,54;1,099
13NFG.wav;13SA.wav;13SA.ogg;pause;1,595;1,848;0,253;1,54;1,099
13NFG.wav;13SA.wav;13SA.ogg;danz;1,848;2,236;0,388;1,54;1,099
13NFG.wav;13SA.wav;13SA.ogg;are;2,236;2,678;0,441;1,54;1,099
14CFA.wav;14PA.wav;14PA.ogg;puo;1,232;1,507;0,274;1,326;0,865
14CFA.wav;14PA.wav;14PA.ogg;pause;1,507;1,756;0,249;1,326;0,865
14CFA.wav;14PA.wav;14PA.ogg;entr;1,756;2,097;0,341;1,326;0,865
14CFA.wav;14PA.wav;14PA.ogg;are;2,097;2,558;0,461;1,326;0,865
14CFG.wav;14SG.wav;14SG.ogg;sta;1,117;1,548;0,431;1,588;1,04
14CFG.wav;14SG.wav;14SG.ogg;pause;1,548;1,806;0,258;1,588;1,04
14CFG.wav;14SG.wav;14SG.ogg;entr;1,806;2,157;0,351;1,588;1,04
14CFG.wav;14SG.wav;14SG.ogg;ando;2,157;2,704;0,548;1,588;1,04
14NFA.wav;14PG.wav;14PG.ogg;puo;1,228;1,506;0,278;1,434;0,876
14NFA.wav;14PG.wav;14PG.ogg;pause;1,506;1,756;0,25;1,434;0,876
14NFA.wav;14PG.wav;14PG.ogg;entr;1,756;2,104;0,348;1,434;0,876
14NFA.wav;14PG.wav;14PG.ogg;ando;2,104;2,662;0,558;1,434;0,876
14NFG.wav;14SA.wav;14SA.ogg;sta;1,118;1,544;0,426;1,482;1,041
14NFG.wav;14SA.wav;14SA.ogg;pause;1,544;1,811;0,267;1,482;1,041
14NFG.wav;14SA.wav;14SA.ogg;entr;1,811;2,16;0,348;1,482;1,041
14NFG.wav;14SA.wav;14SA.ogg;are;2,16;2,601;0,441;1,482;1,041
15CFA.wav;15PA.wav;15PA.ogg;puo;1,211;1,52;0,309;1,312;0,877
15CFA.wav;15PA.wav;15PA.ogg;pause;1,52;1,763;0,243;1,312;0,877
15CFA.wav;15PA.wav;15PA.ogg;film;1,763;2,087;0,324;1,312;0,877
15CFA.wav;15PA.wav;15PA.ogg;are;2,087;2,523;0,435;1,312;0,877
15CFG.wav;15SG.wav;15SG.ogg;sta;1,196;1,648;0,452;1,546;0,969
15CFG.wav;15SG.wav;15SG.ogg;pause;1,648;1,836;0,188;1,546;0,969
15CFG.wav;15SG.wav;15SG.ogg;film;1,836;2,165;0,33;1,546;0,969
15CFG.wav;15SG.wav;15SG.ogg;ando;2,165;2,742;0,577;1,546;0,969
15NFA.wav;15PG.wav;15PG.ogg;puo;1,211;1,521;0,31;1,468;0,891
15NFA.wav;15PG.wav;15PG.ogg;pause;1,521;1,773;0,251;1,468;0,891
15NFA.wav;15PG.wav;15PG.ogg;film;1,773;2,102;0,329;1,468;0,891
15NFA.wav;15PG.wav;15PG.ogg;ando;2,102;2,678;0,577;1,468;0,891
15NFG.wav;15SA.wav;15SA.ogg;sta;1,217;1,634;0,418;1,368;0,938
15NFG.wav;15SA.wav;15SA.ogg;pause;1,634;1,84;0,206;1,368;0,938
15NFG.wav;15SA.wav;15SA.ogg;film;1,84;2,155;0,315;1,368;0,938
15NFG.wav;15SA.wav;15SA.ogg;are;2,155;2,585;0,43;1,368;0,938
16CFA.wav;16PA.wav;16PA.ogg;puo;1,238;1,543;0,305;1,182;0,764
16CFA.wav;16PA.wav;16PA.ogg;pause;1,543;1,768;0,225;1,182;0,764
16CFA.wav;16PA.wav;16PA.ogg;gel;1,768;2,002;0,235;1,182;0,764
16CFA.wav;16PA.wav;16PA.ogg;are;2,002;2,42;0,418;1,182;0,764
16CFG.wav;16SG.wav;16SG.ogg;sta;1,021;1,46;0,44;1,429;0,889
16CFG.wav;16SG.wav;16SG.ogg;pause;1,46;1,676;0,216;1,429;0,889
16CFG.wav;16SG.wav;16SG.ogg;gel;1,676;1,91;0,234;1,429;0,889
16CFG.wav;16SG.wav;16SG.ogg;ando;1,91;2,45;0,54;1,429;0,889
16NFA.wav;16PG.wav;16PG.ogg;puo;1,233;1,534;0,3;1,311;0,767
16NFA.wav;16PG.wav;16PG.ogg;pause;1,534;1,771;0,237;1,311;0,767
16NFA.wav;16PG.wav;16PG.ogg;gel;1,771;2;0,229;1,311;0,767
16NFA.wav;16PG.wav;16PG.ogg;ando;2;2,544;0,544;1,311;0,767
16NFG.wav;16SA.wav;16SA.ogg;sta;1,021;1,461;0,441;1,306;0,893
16NFG.wav;16SA.wav;16SA.ogg;pause;1,461;1,676;0,215;1,306;0,893
16NFG.wav;16SA.wav;16SA.ogg;gel;1,676;1,914;0,237;1,306;0,893
16NFG.wav;16SA.wav;16SA.ogg;are;1,914;2,326;0,413;1,306;0,893
17CFA.wav;17PA.wav;17PA.ogg;puo;1,153;1,408;0,254;1,274;0,841
17CFA.wav;17PA.wav;17PA.ogg;pause;1,408;1,582;0,175;1,274;0,841
17CFA.wav;17PA.wav;17PA.ogg;gett;1,582;1,994;0,411;1,274;0,841
17CFA.wav;17PA.wav;17PA.ogg;are;1,994;2,427;0,433;1,274;0,841
17CFG.wav;17SG.wav;17SG.ogg;sta;1,088;1,469;0,381;1,565;1,029
17CFG.wav;17SG.wav;17SG.ogg;pause;1,469;1,71;0,241;1,565;1,029
17CFG.wav;17SG.wav;17SG.ogg;gett;1,71;2,117;0,406;1,565;1,029
17CFG.wav;17SG.wav;17SG.ogg;ando;2,117;2,653;0,536;1,565;1,029
17NFA.wav;17PG.wav;17PG.ogg;puo;1,153;1,407;0,254;1,367;0,832
17NFA.wav;17PG.wav;17PG.ogg;pause;1,407;1,579;0,172;1,367;0,832
17NFA.wav;17PG.wav;17PG.ogg;gett;1,579;1,986;0,406;1,367;0,832
17NFA.wav;17PG.wav;17PG.ogg;ando;1,986;2,52;0,535;1,367;0,832
17NFG.wav;17SA.wav;17SA.ogg;sta;1,083;1,471;0,389;1,474;1,037
17NFG.wav;17SA.wav;17SA.ogg;pause;1,471;1,71;0,239;1,474;1,037
17NFG.wav;17SA.wav;17SA.ogg;gett;1,71;2,121;0,41;1,474;1,037
17NFG.wav;17SA.wav;17SA.ogg;are;2,121;2,557;0,437;1,474;1,037
18CFA.wav;18PA.wav;18PA.ogg;puo;1,282;1,56;0,279;1,366;0,896
18CFA.wav;18PA.wav;18PA.ogg;pause;1,56;1,847;0,287;1,366;0,896
18CFA.wav;18PA.wav;18PA.ogg;gioc;1,847;2,177;0,33;1,366;0,896
18CFA.wav;18PA.wav;18PA.ogg;are;2,177;2,647;0,47;1,366;0,896
18CFG.wav;18SG.wav;18SG.ogg;sta;1,059;1,471;0,412;1,6;1,039
18CFG.wav;18SG.wav;18SG.ogg;pause;1,471;1,765;0,294;1,6;1,039
18CFG.wav;18SG.wav;18SG.ogg;gioc;1,765;2,097;0,332;1,6;1,039
18CFG.wav;18SG.wav;18SG.ogg;ando;2,097;2,658;0,561;1,6;1,039
18NFA.wav;18PG.wav;18PG.ogg;puo;1,281;1,556;0,274;1,461;0,893
18NFA.wav;18PG.wav;18PG.ogg;pause;1,556;1,853;0,297;1,461;0,893
18NFA.wav;18PG.wav;18PG.ogg;gioc;1,853;2,174;0,322;1,461;0,893
18NFA.wav;18PG.wav;18PG.ogg;ando;2,174;2,742;0,568;1,461;0,893
18NFG.wav;18SA.wav;18SA.ogg;sta;1,056;1,471;0,416;1,508;1,04
18NFG.wav;18SA.wav;18SA.ogg;pause;1,471;1,77;0,299;1,508;1,04
18NFG.wav;18SA.wav;18SA.ogg;gioc;1,77;2,095;0,325;1,508;1,04
18NFG.wav;18SA.wav;18SA.ogg;are;2,095;2,563;0,468;1,508;1,04
19CFA.wav;19PA.wav;19PA.ogg;puo;1,238;1,493;0,255;1,3;0,822
19CFA.wav;19PA.wav;19PA.ogg;pause;1,493;1,742;0,249;1,3;0,822
19CFA.wav;19PA.wav;19PA.ogg;gir;1,742;2,06;0,317;1,3;0,822
19CFA.wav;19PA.wav;19PA.ogg;are;2,06;2,538;0,478;1,3;0,822
19CFG.wav;19SG.wav;19SG.ogg;sta;1,144;1,516;0,372;1,605;1,047
19CFG.wav;19SG.wav;19SG.ogg;pause;1,516;1,849;0,333;1,605;1,047
19CFG.wav;19SG.wav;19SG.ogg;gir;1,849;2,191;0,342;1,605;1,047
19CFG.wav;19SG.wav;19SG.ogg;ando;2,191;2,749;0,558;1,605;1,047
19NFA.wav;19PG.wav;19PG.ogg;puo;1,238;1,497;0,259;1,382;0,824
19NFA.wav;19PG.wav;19PG.ogg;pause;1,497;1,745;0,248;1,382;0,824
19NFA.wav;19PG.wav;19PG.ogg;gir;1,745;2,062;0,317;1,382;0,824
19NFA.wav;19PG.wav;19PG.ogg;ando;2,062;2,62;0,558;1,382;0,824
19NFG.wav;19SA.wav;19SA.ogg;sta;1,139;1,515;0,376;1,523;1,053
19NFG.wav;19SA.wav;19SA.ogg;pause;1,515;1,851;0,337;1,523;1,053
19NFG.wav;19SA.wav;19SA.ogg;gir;1,851;2,193;0,341;1,523;1,053
19NFG.wav;19SA.wav;19SA.ogg;are;2,193;2,662;0,47;1,523;1,053
20CFA.wav;20PA.wav;20PA.ogg;puo;1,246;1,52;0,274;1,303;0,838
20CFA.wav;20PA.wav;20PA.ogg;pause;1,52;1,792;0,272;1,303;0,838
20CFA.wav;20PA.wav;20PA.ogg;grid;1,792;2,085;0,293;1,303;0,838
20CFA.wav;20PA.wav;20PA.ogg;are;2,085;2,549;0,465;1,303;0,838
20CFG.wav;20SG.wav;20SG.ogg;sta;1,098;1,521;0,423;1,522;0,947
20CFG.wav;20SG.wav;20SG.ogg;pause;1,521;1,756;0,234;1,522;0,947
20CFG.wav;20SG.wav;20SG.ogg;grid;1,756;2,045;0,289;1,522;0,947
20CFG.wav;20SG.wav;20SG.ogg;ando;2,045;2,62;0,575;1,522;0,947
20NFA.wav;20PG.wav;20PG.ogg;puo;1,247;1,514;0,267;1,277;0,704
20NFA.wav;20PG.wav;20PG.ogg;pause;1,514;1,662;0,148;1,277;0,704
20NFA.wav;20PG.wav;20PG.ogg;grid;1,662;1,951;0,289;1,277;0,704
20NFA.wav;20PG.wav;20PG.ogg;ando;1,951;2,523;0,573;1,277;0,704
20NFG.wav;20SA.wav;20SA.ogg;sta;1,098;1,524;0,426;1,328;0,863
20NFG.wav;20SA.wav;20SA.ogg;pause;1,524;1,666;0,142;1,328;0,863
20NFG.wav;20SA.wav;20SA.ogg;grid;1,666;1,961;0,295;1,328;0,863
20NFG.wav;20SA.wav;20SA.ogg;are;1,961;2,426;0,465;1,328;0,863
21CFA.wav;21PA.wav;21PA.ogg;puo;1,276;1,579;0,303;1,344;0,881
21CFA.wav;21PA.wav;21PA.ogg;pause;1,579;1,827;0,247;1,344;0,881
21CFA.wav;21PA.wav;21PA.ogg;lod;1,827;2,156;0,33;1,344;0,881
21CFA.wav;21PA.wav;21PA.ogg;are;2,156;2,62;0,463;1,344;0,881
21CFG.wav;21SG.wav;21SG.ogg;sta;1,142;1,571;0,429;1,591;1,007
21CFG.wav;21SG.wav;21SG.ogg;pause;1,571;1,823;0,252;1,591;1,007
21CFG.wav;21SG.wav;21SG.ogg;lod;1,823;2,149;0,326;1,591;1,007
21CFG.wav;21SG.wav;21SG.ogg;ando;2,149;2,733;0,584;1,591;1,007
21NFA.wav;21PG.wav;21PG.ogg;puo;1,271;1,581;0,31;1,463;0,885
21NFA.wav;21PG.wav;21PG.ogg;pause;1,581;1,818;0,238;1,463;0,885
21NFA.wav;21PG.wav;21PG.ogg;lod;1,818;2,155;0,337;1,463;0,885
21NFA.wav;21PG.wav;21PG.ogg;ando;2,155;2,733;0,578;1,463;0,885
21NFG.wav;21SA.wav;21SA.ogg;sta;1,131;1,577;0,446;1,484;1,022
21NFG.wav;21SA.wav;21SA.ogg;pause;1,577;1,823;0,246;1,484;1,022
21NFG.wav;21SA.wav;21SA.ogg;lod;1,823;2,154;0,33;1,484;1,022
21NFG.wav;21SA.wav;21SA.ogg;are;2,154;2,616;0,462;1,484;1,022
22CFA.wav;22PA.wav;22PA.ogg;puo;1,212;1,502;0,29;1,266;0,814
22CFA.wav;22PA.wav;22PA.ogg;pause;1,502;1,668;0,166;1,266;0,814
22CFA.wav;22PA.wav;22PA.ogg;mangi;1,668;2,026;0,357;1,266;0,814
22CFA.wav;22PA.wav;22PA.ogg;are;2,026;2,478;0,452;1,266;0,814
22CFG.wav;22SG.wav;22SG.ogg;sta;1,065;1,453;0,387;1,471;0,907
22CFG.wav;22SG.wav;22SG.ogg;pause;1,453;1,619;0,166;1,471;0,907
22CFG.wav;22SG.wav;22SG.ogg;mangi;1,619;1,972;0,353;1,471;0,907
22CFG.wav;22SG.wav;22SG.ogg;ando;1,972;2,536;0,564;1,471;0,907
22NFA.wav;22PG.wav;22PG.ogg;puo;1,212;1,503;0,291;1,341;0,819
22NFA.wav;22PG.wav;22PG.ogg;pause;1,503;1,679;0,176;1,341;0,819
22NFA.wav;22PG.wav;22PG.ogg;mangi;1,679;2,031;0,352;1,341;0,819
22NFA.wav;22PG.wav;22PG.ogg;ando;2,031;2,553;0,522;1,341;0,819
22NFG.wav;22SA.wav;22SA.ogg;sta;1,065;1,451;0,386;1,356;0,907
22NFG.wav;22SA.wav;22SA.ogg;pause;1,451;1,623;0,172;1,356;0,907
22NFG.wav;22SA.wav;22SA.ogg;mangi;1,623;1,972;0,349;1,356;0,907
22NFG.wav;22SA.wav;22SA.ogg;are;1,972;2,422;0,449;1,356;0,907
23CFA.wav;23PA.wav;23PA.ogg;puo;1,292;1,578;0,286;1,371;0,928
23CFA.wav;23PA.wav;23PA.ogg;pause;1,578;1,803;0,225;1,371;0,928
23CFA.wav;23PA.wav;23PA.ogg;mostr;1,803;2,219;0,416;1,371;0,928
23CFA.wav;23PA.wav;23PA.ogg;are;2,219;2,663;0,443;1,371;0,928
23CFG.wav;23SG.wav;23SG.ogg;sta;1,043;1,452;0,409;1,611;1,057
23CFG.wav;23SG.wav;23SG.ogg;pause;1,452;1,679;0,227;1,611;1,057
23CFG.wav;23SG.wav;23SG.ogg;mostr;1,679;2,1;0,421;1,611;1,057
23CFG.wav;23SG.wav;23SG.ogg;ando;2,1;2,653;0,554;1,611;1,057
23NFA.wav;23PG.wav;23PG.ogg;puo;1,295;1,578;0,283;1,46;0,924
23NFA.wav;23PG.wav;23PG.ogg;pause;1,578;1,797;0,22;1,46;0,924
23NFA.wav;23PG.wav;23PG.ogg;mostr;1,797;2,219;0,422;1,46;0,924
23NFA.wav;23PG.wav;23PG.ogg;ando;2,219;2,755;0,536;1,46;0,924
23NFG.wav;23SA.wav;23SA.ogg;sta;1,049;1,45;0,401;1,49;1,052
23NFG.wav;23SA.wav;23SA.ogg;pause;1,45;1,682;0,232;1,49;1,052
23NFG.wav;23SA.wav;23SA.ogg;mostr;1,682;2,101;0,419;1,49;1,052
23NFG.wav;23SA.wav;23SA.ogg;are;2,101;2,539;0,438;1,49;1,052
24CFA.wav;24PA.wav;24PA.ogg;puo;1,258;1,582;0,324;1,404;0,944
24CFA.wav;24PA.wav;24PA.ogg;pause;1,582;1,808;0,226;1,404;0,944
24CFA.wav;24PA.wav;24PA.ogg;varc;1,808;2,202;0,395;1,404;0,944
24CFA.wav;24PA.wav;24PA.ogg;are;2,202;2,662;0,46;1,404;0,944
24CFG.wav;24SG.wav;24SG.ogg;sta;1,166;1,602;0,436;1,593;1,024
24CFG.wav;24SG.wav;24SG.ogg;pause;1,602;1,798;0,196;1,593;1,024
24CFG.wav;24SG.wav;24SG.ogg;varc;1,798;2,191;0,393;1,593;1,024
24CFG.wav;24SG.wav;24SG.ogg;ando;2,191;2,759;0,569;1,593;1,024
24NFA.wav;24PG.wav;24PG.ogg;puo;1,258;1,578;0,321;1,485;0,946
24NFA.wav;24PG.wav;24PG.ogg;pause;1,578;1,811;0,233;1,485;0,946
24NFA.wav;24PG.wav;24PG.ogg;varc;1,811;2,203;0,392;1,485;0,946
24NFA.wav;24PG.wav;24PG.ogg;ando;2,203;2,743;0,539;1,485;0,946
24NFG.wav;24SA.wav;24SA.ogg;sta;1,166;1,602;0,436;1,475;1,021
24NFG.wav;24SA.wav;24SA.ogg;pause;1,602;1,798;0,196;1,475;1,021
24NFG.wav;24SA.wav;24SA.ogg;varc;1,798;2,187;0,389;1,475;1,021
24NFG.wav;24SA.wav;24SA.ogg;are;2,187;2,641;0,454;1,475;1,021
25CFA.wav;25PA.wav;25PA.ogg;puo;1,262;1,529;0,268;1,299;0,823
25CFA.wav;25PA.wav;25PA.ogg;pause;1,529;1,837;0,308;1,299;0,823
25CFA.wav;25PA.wav;25PA.ogg;pag;1,837;2,084;0,247;1,299;0,823
25CFA.wav;25PA.wav;25PA.ogg;are;2,084;2,56;0,476;1,299;0,823
25CFG.wav;25SG.wav;25SG.ogg;sta;1,013;1,41;0,398;1,504;0,98
25CFG.wav;25SG.wav;25SG.ogg;pause;1,41;1,755;0,344;1,504;0,98
25CFG.wav;25SG.wav;25SG.ogg;pag;1,755;1,992;0,237;1,504;0,98
25CFG.wav;25SG.wav;25SG.ogg;ando;1,992;2,517;0,524;1,504;0,98
25NFA.wav;25PG.wav;25PG.ogg;puo;1,262;1,526;0,265;1,34;0,816
25NFA.wav;25PG.wav;25PG.ogg;pause;1,526;1,84;0,314;1,34;0,816
25NFA.wav;25PG.wav;25PG.ogg;pag;1,84;2,077;0,238;1,34;0,816
25NFA.wav;25PG.wav;25PG.ogg;ando;2,077;2,601;0,524;1,34;0,816
25NFG.wav;25SA.wav;25SA.ogg;sta;1,013;1,411;0,398;1,463;1,003
25NFG.wav;25SA.wav;25SA.ogg;pause;1,411;1,758;0,348;1,463;1,003
25NFG.wav;25SA.wav;25SA.ogg;pag;1,758;2,015;0,257;1,463;1,003
25NFG.wav;25SA.wav;25SA.ogg;are;2,015;2,475;0,46;1,463;1,003
26CFA.wav;26PA.wav;26PA.ogg;puo;1,315;1,611;0,296;1,359;0,907
26CFA.wav;26PA.wav;26PA.ogg;pause;1,611;1,921;0,31;1,359;0,907
26CFA.wav;26PA.wav;26PA.ogg;papp;1,921;2,222;0,301;1,359;0,907
26CFA.wav;26PA.wav;26PA.ogg;are;2,222;2,674;0,452;1,359;0,907
26CFG.wav;26SG.wav;26SG.ogg;sta;1,2;1,613;0,413;1,635;1,069
26CFG.wav;26SG.wav;26SG.ogg;pause;1,613;1,965;0,352;1,635;1,069
26CFG.wav;26SG.wav;26SG.ogg;papp;1,965;2,269;0,304;1,635;1,069
26CFG.wav;26SG.wav;26SG.ogg;ando;2,269;2,835;0,566;1,635;1,069
26NFA.wav;26PG.wav;26PG.ogg;puo;1,315;1,586;0,271;1,469;0,903
26NFA.wav;26PG.wav;26PG.ogg;pause;1,586;1,918;0,332;1,469;0,903
26NFA.wav;26PG.wav;26PG.ogg;papp;1,918;2,218;0,3;1,469;0,903
26NFA.wav;26PG.wav;26PG.ogg;ando;2,218;2,784;0,566;1,469;0,903
26NFG.wav;26SA.wav;26SA.ogg;sta;1,204;1,605;0,401;1,51;1,073
26NFG.wav;26SA.wav;26SA.ogg;pause;1,605;1,966;0,361;1,51;1,073
26NFG.wav;26SA.wav;26SA.ogg;papp;1,966;2,276;0,311;1,51;1,073
26NFG.wav;26SA.wav;26SA.ogg;are;2,276;2,713;0,437;1,51;1,073
27CFA.wav;27PA.wav;27PA.ogg;puo;1,284;1,574;0,29;1,376;0,93
27CFA.wav;27PA.wav;27PA.ogg;pause;1,574;1,86;0,286;1,376;0,93
27CFA.wav;27PA.wav;27PA.ogg;pens;1,86;2,215;0,355;1,376;0,93
27CFA.wav;27PA.wav;27PA.ogg;are;2,215;2,661;0,446;1,376;0,93
27CFG.wav;27SG.wav;27SG.ogg;sta;1,056;1,442;0,386;1,639;1,068
27CFG.wav;27SG.wav;27SG.ogg;pause;1,442;1,782;0,34;1,639;1,068
27CFG.wav;27SG.wav;27SG.ogg;pens;1,782;2,123;0,342;1,639;1,068
27CFG.wav;27SG.wav;27SG.ogg;ando;2,123;2,694;0,571;1,639;1,068
27NFA.wav;27PG.wav;27PG.ogg;puo;1,285;1,572;0,287;1,494;0,929
27NFA.wav;27PG.wav;27PG.ogg;pause;1,572;1,86;0,288;1,494;0,929
27NFA.wav;27PG.wav;27PG.ogg;pens;1,86;2,214;0,354;1,494;0,929
27NFA.wav;27PG.wav;27PG.ogg;ando;2,214;2,778;0,565;1,494;0,929
27NFG.wav;27SA.wav;27SA.ogg;sta;1,056;1,439;0,383;1,516;1,065
27NFG.wav;27SA.wav;27SA.ogg;pause;1,439;1,777;0,338;1,516;1,065
27NFG.wav;27SA.wav;27SA.ogg;pens;1,777;2,121;0,344;1,516;1,065
27NFG.wav;27SA.wav;27SA.ogg;are;2,121;2,572;0,451;1,516;1,065
28CFA.wav;28PA.wav;28PA.ogg;puo;1,259;1,532;0,273;1,371;0,9
28CFA.wav;28PA.wav;28PA.ogg;pause;1,532;1,8;0,268;1,371;0,9
28CFA.wav;28PA.wav;28PA.ogg;calz;1,8;2,159;0,359;1,371;0,9
28CFA.wav;28PA.wav;28PA.ogg;are;2,159;2,63;0,471;1,371;0,9
28CFG.wav;28SG.wav;28SG.ogg;sta;1,124;1,516;0,391;1,593;1,051
28CFG.wav;28SG.wav;28SG.ogg;pause;1,516;1,827;0,312;1,593;1,051
28CFG.wav;28SG.wav;28SG.ogg;calz;1,827;2,175;0,348;1,593;1,051
28CFG.wav;28SG.wav;28SG.ogg;ando;2,175;2,717;0,542;1,593;1,051
28NFA.wav;28PG.wav;28PG.ogg;puo;1,257;1,53;0,273;1,439;0,898
28NFA.wav;28PG.wav;28PG.ogg;pause;1,53;1,807;0,277;1,439;0,898
28NFA.wav;28PG.wav;28PG.ogg;calz;1,807;2,155;0,348;1,439;0,898
28NFA.wav;28PG.wav;28PG.ogg;ando;2,155;2,696;0,541;1,439;0,898
28NFG.wav;28SA.wav;28SA.ogg;sta;1,121;1,515;0,394;1,52;1,056
28NFG.wav;28SA.wav;28SA.ogg;pause;1,515;1,827;0,312;1,52;1,056
28NFG.wav;28SA.wav;28SA.ogg;calz;1,827;2,177;0,35;1,52;1,056
28NFG.wav;28SA.wav;28SA.ogg;are;2,177;2,641;0,464;1,52;1,056
29CFA.wav;29PA.wav;29PA.ogg;puo;1,426;1,711;0,285;1,352;0,858
29CFA.wav;29PA.wav;29PA.ogg;pause;1,711;1,896;0,185;1,352;0,858
29CFA.wav;29PA.wav;29PA.ogg;stir;1,896;2,285;0,388;1,352;0,858
29CFA.wav;29PA.wav;29PA.ogg;are;2,285;2,778;0,494;1,352;0,858
29CFG.wav;29SG.wav;29SG.ogg;sta;1,156;1,531;0,375;1,485;0,947
29CFG.wav;29SG.wav;29SG.ogg;pause;1,531;1,739;0,208;1,485;0,947
29CFG.wav;29SG.wav;29SG.ogg;stir;1,739;2,104;0,364;1,485;0,947
29CFG.wav;29SG.wav;29SG.ogg;ando;2,104;2,641;0,538;1,485;0,947
29NFA.wav;29PG.wav;29PG.ogg;puo;1,426;1,717;0,291;1,403;0,868
29NFA.wav;29PG.wav;29PG.ogg;pause;1,717;1,905;0,188;1,403;0,868
29NFA.wav;29PG.wav;29PG.ogg;stir;1,905;2,293;0,388;1,403;0,868
29NFA.wav;29PG.wav;29PG.ogg;ando;2,293;2,829;0,535;1,403;0,868
29NFG.wav;29SA.wav;29SA.ogg;sta;1,156;1,531;0,375;1,44;0,957
29NFG.wav;29SA.wav;29SA.ogg;pause;1,531;1,723;0,192;1,44;0,957
29NFG.wav;29SA.wav;29SA.ogg;stir;1,723;2,113;0,39;1,44;0,957
29NFG.wav;29SA.wav;29SA.ogg;are;2,113;2,596;0,483;1,44;0,957
30CFA.wav;30PA.wav;30PA.ogg;puo;1,326;1,609;0,282;1,253;0,802
30CFA.wav;30PA.wav;30PA.ogg;pause;1,609;1,764;0,155;1,253;0,802
30CFA.wav;30PA.wav;30PA.ogg;suon;1,764;2,129;0,365;1,253;0,802
30CFA.wav;30PA.wav;30PA.ogg;are;2,129;2,58;0,451;1,253;0,802
30CFG.wav;30SG.wav;30SG.ogg;sta;1,099;1,503;0,404;1,537;0,994
30CFG.wav;30SG.wav;30SG.ogg;pause;1,503;1,733;0,229;1,537;0,994
30CFG.wav;30SG.wav;30SG.ogg;suon;1,733;2,093;0,361;1,537;0,994
30CFG.wav;30SG.wav;30SG.ogg;ando;2,093;2,636;0,543;1,537;0,994
30NFA.wav;30PG.wav;30PG.ogg;puo;1,325;1,611;0,286;1,35;0,802
30NFA.wav;30PG.wav;30PG.ogg;pause;1,611;1,771;0,16;1,35;0,802
30NFA.wav;30PG.wav;30PG.ogg;suon;1,771;2,127;0,356;1,35;0,802
30NFA.wav;30PG.wav;30PG.ogg;ando;2,127;2,674;0,548;1,35;0,802
30NFG.wav;30SA.wav;30SA.ogg;sta;1,099;1,516;0,417;1,443;0,994
30NFG.wav;30SA.wav;30SA.ogg;pause;1,516;1,729;0,213;1,443;0,994
30NFG.wav;30SA.wav;30SA.ogg;suon;1,729;2,093;0,364;1,443;0,994
30NFG.wav;30SA.wav;30SA.ogg;are;2,093;2,542;0,449;1,443;0,994
31CFA.wav;31PA.wav;31PA.ogg;puo;1,252;1,534;0,281;1,262;0,833
31CFA.wav;31PA.wav;31PA.ogg;pause;1,534;1,875;0,341;1,262;0,833
31CFA.wav;31PA.wav;31PA.ogg;tir;1,875;2,085;0,21;1,262;0,833
31CFA.wav;31PA.wav;31PA.ogg;are;2,085;2,514;0,429;1,262;0,833
31CFG.wav;31SG.wav;31SG.ogg;sta;1,11;1,509;0,399;1,471;0,926
31CFG.wav;31SG.wav;31SG.ogg;pause;1,509;1,829;0,319;1,471;0,926
31CFG.wav;31SG.wav;31SG.ogg;tir;1,829;2,036;0,207;1,471;0,926
31CFG.wav;31SG.wav;31SG.ogg;ando;2,036;2,581;0,545;1,471;0,926
31NFA.wav;31PG.wav;31PG.ogg;puo;1,251;1,538;0,287;1,375;0,832
31NFA.wav;31PG.wav;31PG.ogg;pause;1,538;1,875;0,337;1,375;0,832
31NFA.wav;31PG.wav;31PG.ogg;tir;1,875;2,083;0,209;1,375;0,832
31NFA.wav;31PG.wav;31PG.ogg;ando;2,083;2,626;0,543;1,375;0,832
31NFG.wav;31SA.wav;31SA.ogg;sta;1,118;1,511;0,393;1,354;0,918
31NFG.wav;31SA.wav;31SA.ogg;pause;1,511;1,829;0,318;1,354;0,918
31NFG.wav;31SA.wav;31SA.ogg;tir;1,829;2,035;0,207;1,354;0,918
31NFG.wav;31SA.wav;31SA.ogg;are;2,035;2,472;0,436;1,354;0,918
32CFA.wav;32PA.wav;32PA.ogg;puo;1,314;1,618;0,303;1,314;0,869
32CFA.wav;32PA.wav;32PA.ogg;pause;1,618;1,895;0,277;1,314;0,869
32CFA.wav;32PA.wav;32PA.ogg;vol;1,895;2,183;0,288;1,314;0,869
32CFA.wav;32PA.wav;32PA.ogg;are;2,183;2,628;0,445;1,314;0,869
32CFG.wav;32SG.wav;32SG.ogg;sta;1,082;1,513;0,432;1,414;0,901
32CFG.wav;32SG.wav;32SG.ogg;pause;1,513;1,704;0,191;1,414;0,901
32CFG.wav;32SG.wav;32SG.ogg;vol;1,704;1,983;0,279;1,414;0,901
32CFG.wav;32SG.wav;32SG.ogg;ando;1,983;2,496;0,513;1,414;0,901
32NFA.wav;32PG.wav;32PG.ogg;puo;1,311;1,61;0,299;1,378;0,866
32NFA.wav;32PG.wav;32PG.ogg;pause;1,61;1,896;0,286;1,378;0,866
32NFA.wav;32PG.wav;32PG.ogg;vol;1,896;2,177;0,281;1,378;0,866
32NFA.wav;32PG.wav;32PG.ogg;ando;2,177;2,689;0,512;1,378;0,866
32NFG.wav;32SA.wav;32SA.ogg;sta;1,081;1,513;0,432;1,323;0,901
32NFG.wav;32SA.wav;32SA.ogg;pause;1,513;1,704;0,191;1,323;0,901
32NFG.wav;32SA.wav;32SA.ogg;vol;1,704;1,982;0,278;1,323;0,901
32NFG.wav;32SA.wav;32SA.ogg;are;1,982;2,403;0,422;1,323;0,901
